# File produced by Open Asset Import Library (http://www.assimp.sf.net)
# (assimp v5.3.0)

mtllib bumper.mtl

# 1032 vertex positions
v -0.0125287101 -4.75951992e-06 0.108348899
v -0.0121652996 -0.00363153196 0.0995509028
v -0.0120879998 -4.75951992e-06 -0.108351097
v -0.0115302801 0.00532370806 -0.116248302
v -0.0123728504 -4.75951992e-06 0.108348899
v -0.0121771004 0.00359022594 0.117165402
v -0.0125287101 -4.75951992e-06 -0.108351097
v -0.0122015998 0.00352251506 -0.117199697
v -0.0118765803 -4.75951992e-06 0.108348899
v -0.0115302801 0.00532370806 0.1004517
v -0.0120879998 -4.75951992e-06 0.108348899
v -0.0122015998 0.00352251506 0.099500291
v -0.0115231797 -0.00533044292 -0.100463197
v -0.0121665504 -0.00363200903 0.117150903
v -0.0123728504 -4.75951992e-06 -0.108351097
v -0.0121652996 -0.00363153196 -0.1171491
v -0.0118765803 -4.75951992e-06 -0.108351097
v -0.0115174605 -0.0053422451 -0.116228297
v -0.0115374904 0.00530409813 0.116258301
v -0.0121665504 -0.00363200903 -0.099548988
v -0.0121771004 0.00359022594 -0.0995345712
v -0.0115174605 -0.0053422451 0.100471698
v -0.0115374904 0.00530409813 -0.100441597
v -0.0115231797 -0.00533044292 0.116236798
v -0.0125070196 0.00220531202 0.1875
v -0.0126999598 0 -0.1875
v -0.0126999598 0 0.1875
v -0.0125070196 -0.00220531202 -0.1875
v -0.0125070196 -0.00220531202 0.1875
v -0.0119340401 -0.00434356881 -0.1875
v -0.0119340401 -0.00434356881 0.1875
v -0.0109984204 -0.00634992123 -0.1875
v -0.0109984204 -0.00634992123 0.1875
v -0.00972872879 -0.00816339161 -0.1875
v -0.00972872879 -0.00816339161 0.1875
v -0.00816339161 -0.00972872879 -0.1875
v -0.00816339161 -0.00972872879 0.1875
v -0.00634992123 -0.0109984204 -0.1875
v -0.00634992123 -0.0109984204 0.1875
v -0.00434356881 -0.0119340401 -0.1875
v -0.00434356881 -0.0119340401 0.1875
v -0.00220531202 -0.0125070196 -0.1875
v -0.00220531202 -0.0125070196 0.1875
v 0 -0.0126999598 -0.1875
v 0 -0.0126999598 0.1875
v 0.00220531202 -0.0125070196 -0.1875
v 0.00220531202 -0.0125070196 0.1875
v 0.00434356881 -0.0119340401 -0.1875
v 0.00434356881 -0.0119340401 0.1875
v 0.00634992123 -0.0109984204 -0.1875
v 0.00634992123 -0.0109984204 0.1875
v 0.00816339161 -0.00972872879 -0.1875
v 0.00816339161 -0.00972872879 0.1875
v 0.00972872879 -0.00816339161 -0.1875
v 0.00972872879 -0.00816339161 0.1875
v 0.0109984204 -0.00634992123 -0.1875
v 0.0109984204 -0.00634992123 0.1875
v 0.0119340401 -0.00434356881 -0.1875
v 0.0119340401 -0.00434356881 0.1875
v 0.0125070196 -0.00220531202 -0.1875
v 0.0125070196 -0.00220531202 0.1875
v 0.0126999598 0 -0.1875
v 0.0126999598 0 0.1875
v 0.0125070196 0.00220531202 -0.1875
v 0.0125070196 0.00220531202 0.1875
v 0.0119340401 0.00434356881 -0.1875
v 0.0119340401 0.00434356881 0.1875
v 0.0109984204 0.00634992123 -0.1875
v 0.0109984204 0.00634992123 0.1875
v 0.00972872879 0.00816339161 -0.1875
v 0.00972872879 0.00816339161 0.1875
v 0.00816339161 0.00972872879 -0.1875
v 0.00816339161 0.00972872879 0.1875
v 0.00634992123 0.0109984204 -0.1875
v 0.00634992123 0.0109984204 0.1875
v 0.00434356881 0.0119340401 -0.1875
v 0.00434356881 0.0119340401 0.1875
v 0.00220531202 0.0125070196 -0.1875
v 0.00220531202 0.0125070196 0.1875
v 0 0.0126999598 -0.1875
v 0 0.0126999598 0.1875
v -0.00220531202 0.0125070196 -0.1875
v -0.00220531202 0.0125070196 0.1875
v -0.00434356881 0.0119340401 -0.1875
v -0.00434356881 0.0119340401 0.1875
v -0.00634992123 0.0109984204 -0.1875
v -0.00634992123 0.0109984204 0.1875
v -0.00816339161 0.00972872879 -0.1875
v -0.00816339161 0.00972872879 0.1875
v -0.00972872879 0.00816339161 -0.1875
v -0.00972872879 0.00816339161 0.1875
v -0.0109984204 0.00634992123 -0.1875
v -0.0109984204 0.00634992123 0.1875
v -0.0119340401 0.00434356881 -0.1875
v -0.0119340401 0.00434356881 0.1875
v -0.0125070196 0.00220531202 -0.1875
v -0.0271276198 0.00220531202 -0.227669701
v -0.0465589687 0 -0.250526994
v -0.0272753797 0 -0.227545604
v -0.0464111492 -0.00220531202 -0.250651002
v -0.0271276198 -0.00220531202 -0.227669701
v -0.0459722802 -0.00434356881 -0.251019299
v -0.0266886894 -0.00434356881 -0.228037998
v -0.0452556014 -0.00634992123 -0.25162071
v -0.0259719398 -0.00634992123 -0.228639305
v -0.0442829095 -0.00816339161 -0.252436906
v -0.0249993205 -0.00816339161 -0.229455501
v -0.0430837199 -0.00972872879 -0.253443092
v -0.0238001905 -0.00972872879 -0.230461702
v -0.0416946411 -0.0109984204 -0.254608691
v -0.0224109795 -0.0109984204 -0.231627405
v -0.0401576087 -0.0119340401 -0.255898386
v -0.0208740793 -0.0119340401 -0.232916996
v -0.0385196805 -0.0125070196 -0.25727281
v -0.0192359593 -0.0125070196 -0.234291404
v -0.0368301794 -0.0126999598 -0.258690387
v -0.01754665 -0.0126999598 -0.235708997
v -0.0351408683 -0.0125070196 -0.260107905
v -0.0158572104 -0.0125070196 -0.237126604
v -0.0335027501 -0.0119340401 -0.261482388
v -0.0142192198 -0.0119340401 -0.238501102
v -0.0319659114 -0.0109984204 -0.262772113
v -0.0126821902 -0.0109984204 -0.239790693
v -0.0305767599 -0.00972872879 -0.263937712
v -0.0112931104 -0.00972872879 -0.240956396
v -0.0293775201 -0.00816339161 -0.264943898
v -0.0100939199 -0.00816339161 -0.241962597
v -0.0284048896 -0.00634992123 -0.265760094
v -0.00912129786 -0.00634992123 -0.242778704
v -0.0276881997 -0.00434356881 -0.266361505
v -0.00840461161 -0.00434356881 -0.2433801
v -0.0272493307 -0.00220531202 -0.266729802
v -0.00796568301 -0.00220531202 -0.243748397
v -0.0271014497 0 -0.266853809
v -0.00781786442 0 -0.243872494
v -0.0272493307 0.00220531202 -0.266729802
v -0.00796568301 0.00220531202 -0.243748397
v -0.0276881997 0.00434356881 -0.266361505
v -0.00840461161 0.00434356881 -0.2433801
v -0.0284048896 0.00634992123 -0.265760094
v -0.00912129786 0.00634992123 -0.242778704
v -0.0293775201 0.00816339161 -0.264943898
v -0.0100939199 0.00816339161 -0.241962597
v -0.0305767599 0.00972872879 -0.263937712
v -0.0112931104 0.00972872879 -0.240956396
v -0.0319659114 0.0109984204 -0.262772113
v -0.0126821902 0.0109984204 -0.239790693
v -0.0335027501 0.0119340401 -0.261482388
v -0.0142192198 0.0119340401 -0.238501102
v -0.0351408683 0.0125070196 -0.260107905
v -0.0158572104 0.0125070196 -0.237126604
v -0.0368301794 0.0126999598 -0.258690387
v -0.01754665 0.0126999598 -0.235708997
v -0.0385196805 0.0125070196 -0.25727281
v -0.0192359593 0.0125070196 -0.234291404
v -0.0401576087 0.0119340401 -0.255898386
v -0.0208740793 0.0119340401 -0.232916996
v -0.0416946411 0.0109984204 -0.254608691
v -0.0224109795 0.0109984204 -0.231627405
v -0.0430837199 0.00972872879 -0.253443092
v -0.0238001905 0.00972872879 -0.230461702
v -0.0442829095 0.00816339161 -0.252436906
v -0.0249993205 0.00816339161 -0.229455501
v -0.0452556014 0.00634992123 -0.25162071
v -0.0259719398 0.00634992123 -0.228639305
v -0.0459722802 0.00434356881 -0.251019299
v -0.0266886894 0.00434356881 -0.228037998
v -0.0464111492 0.00220531202 -0.250651002
v -0.0130094802 0 -0.1937031
v -0.0128175598 0.00220531202 -0.193722293
v -0.0122474404 0.00434356881 -0.193779305
v -0.0113164699 0.00634992123 -0.193872496
v -0.0100530302 0.00816339161 -0.193998903
v -0.00849550869 0.00972872879 -0.194154695
v -0.00669109821 0.0109984204 -0.194335297
v -0.00469469978 0.0119340401 -0.194535106
v -0.002566993 0.0125070196 -0.194747999
v -0.000372692011 0.0126999598 -0.194967598
v 0.00182163704 0.0125070196 -0.195187196
v 0.00394934416 0.0119340401 -0.195400104
v 0.00594574213 0.0109984204 -0.195599705
v 0.00775003387 0.00972872879 -0.195780307
v 0.00930768158 0.00816339161 -0.195936203
v 0.0105711203 0.00634992123 -0.196062595
v 0.0115020201 0.00434356881 -0.196155801
v 0.0120721404 0.00220531202 -0.196212798
v 0.0122641902 0 -0.196232095
v 0.0120721404 -0.00220531202 -0.196212798
v 0.0115020201 -0.00434356881 -0.196155801
v 0.0105711203 -0.00634992123 -0.196062595
v 0.00930768158 -0.00816339161 -0.195936203
v 0.00775003387 -0.00972872879 -0.195780307
v 0.00594574213 -0.0109984204 -0.195599705
v 0.00394934416 -0.0119340401 -0.195400104
v 0.00182163704 -0.0125070196 -0.195187196
v -0.000372692011 -0.0126999598 -0.194967598
v -0.002566993 -0.0125070196 -0.194747999
v -0.00469469978 -0.0119340401 -0.194535106
v -0.00669109821 -0.0109984204 -0.194335297
v -0.00849550869 -0.00972872879 -0.194154695
v -0.0100530302 -0.00816339161 -0.193998903
v -0.0113164699 -0.00634992123 -0.193872496
v -0.0122474404 -0.00434356881 -0.193779305
v -0.0128175598 -0.00220531202 -0.193722293
v -0.0139351403 0 -0.199844494
v -0.0137461396 0.00220531202 -0.199882701
v -0.0131844198 0.00434356881 -0.199996203
v -0.0122674704 0.00634992123 -0.200181603
v -0.0110228602 0.00816339161 -0.200433105
v -0.00948858168 0.00972872879 -0.200743407
v -0.00771111203 0.0109984204 -0.201102704
v -0.00574457599 0.0119340401 -0.201500207
v -0.00364857889 0.0125070196 -0.201923996
v -0.00148695696 0.0126999598 -0.202360898
v 0.000674541981 0.0125070196 -0.202797905
v 0.00277036405 0.0119340401 -0.203221604
v 0.00473701907 0.0109984204 -0.203619093
v 0.00651443005 0.00972872879 -0.203978494
v 0.00804877188 0.00816339161 -0.204288706
v 0.0092933774 0.00634992123 -0.204540297
v 0.0102103902 0.00434356881 -0.204725593
v 0.0107719302 0.00220531202 -0.2048392
v 0.0109610502 0 -0.204877406
v 0.0107719302 -0.00220531202 -0.2048392
v 0.0102103902 -0.00434356881 -0.204725593
v 0.0092933774 -0.00634992123 -0.204540297
v 0.00804877188 -0.00816339161 -0.204288706
v 0.00651443005 -0.00972872879 -0.203978494
v 0.00473701907 -0.0109984204 -0.203619093
v 0.00277036405 -0.0119340401 -0.203221604
v 0.000674541981 -0.0125070196 -0.202797905
v -0.00148695696 -0.0126999598 -0.202360898
v -0.00364857889 -0.0125070196 -0.201923996
v -0.00574457599 -0.0119340401 -0.201500207
v -0.00771111203 -0.0109984204 -0.201102704
v -0.00948858168 -0.00972872879 -0.200743407
v -0.0110228602 -0.00816339161 -0.200433105
v -0.0122674704 -0.00634992123 -0.200181603
v -0.0131844198 -0.00434356881 -0.199996203
v -0.0137461396 -0.00220531202 -0.199882701
v -0.0154677602 0 -0.205863193
v -0.0152833397 0.00220531202 -0.2059201
v -0.0147358701 0.00434356881 -0.206089005
v -0.01384186 0.00634992123 -0.206364796
v -0.0126284901 0.00816339161 -0.206738994
v -0.0111326501 0.00972872879 -0.207200393
v -0.00939988997 0.0109984204 -0.207734898
v -0.00748270703 0.0119340401 -0.208326295
v -0.00543934107 0.0125070196 -0.208956495
v -0.00333195901 0.0126999598 -0.209606603
v -0.00122463703 0.0125070196 -0.210256606
v 0.000818639994 0.0119340401 -0.210886806
v 0.00273573305 0.0109984204 -0.211478204
v 0.00446867896 0.00972872879 -0.212012798
v 0.00596439792 0.00816339161 -0.212474197
v 0.00717777014 0.00634992123 -0.212848499
v 0.00807183888 0.00434356881 -0.213124201
v 0.00861930754 0.00220531202 -0.213293105
v 0.00880372524 0 -0.213349894
v 0.00861930754 -0.00220531202 -0.213293105
v 0.00807183888 -0.00434356881 -0.213124201
v 0.00717777014 -0.00634992123 -0.212848499
v 0.00596439792 -0.00816339161 -0.212474197
v 0.00446867896 -0.00972872879 -0.212012798
v 0.00273573305 -0.0109984204 -0.211478204
v 0.000818639994 -0.0119340401 -0.210886806
v -0.00122463703 -0.0125070196 -0.210256606
v -0.00333195901 -0.0126999598 -0.209606603
v -0.00543934107 -0.0125070196 -0.208956495
v -0.00748270703 -0.0119340401 -0.208326295
v -0.00939988997 -0.0109984204 -0.207734898
v -0.0111326501 -0.00972872879 -0.207200393
v -0.0126284901 -0.00816339161 -0.206738994
v -0.01384186 -0.00634992123 -0.206364796
v -0.0147358701 -0.00434356881 -0.206089005
v -0.0152833397 -0.00220531202 -0.2059201
v -0.0175920092 0 -0.211699396
v -0.0174142104 0.00220531202 -0.211774394
v -0.0168862306 0.00434356881 -0.211997002
v -0.0160241108 0.00634992123 -0.212360397
v -0.0148540698 0.00816339161 -0.212853596
v -0.0134116402 0.00972872879 -0.213461593
v -0.0117406202 0.0109984204 -0.214166
v -0.00989180803 0.0119340401 -0.214945301
v -0.00792139675 0.0125070196 -0.215775996
v -0.00588917686 0.0126999598 -0.216632605
v -0.00385707594 0.0125070196 -0.217489198
v -0.00188660598 0.0119340401 -0.218319803
v -3.79101984e-05 0.0109984204 -0.219099104
v 0.00163304806 0.00972872879 -0.219803497
v 0.00307554007 0.00816339161 -0.220411494
v 0.00424557878 0.00634992123 -0.220904797
v 0.00510764122 0.00434356881 -0.221268207
v 0.00563561916 0.00220531202 -0.2214908
v 0.00581336021 0 -0.221565694
v 0.00563561916 -0.00220531202 -0.2214908
v 0.00510764122 -0.00434356881 -0.221268207
v 0.00424557878 -0.00634992123 -0.220904797
v 0.00307554007 -0.00816339161 -0.220411494
v 0.00163304806 -0.00972872879 -0.219803497
v -3.79101984e-05 -0.0109984204 -0.219099104
v -0.00188660598 -0.0119340401 -0.218319803
v -0.00385707594 -0.0125070196 -0.217489198
v -0.00588917686 -0.0126999598 -0.216632605
v -0.00792139675 -0.0125070196 -0.215775996
v -0.00989180803 -0.0119340401 -0.214945301
v -0.0117406202 -0.0109984204 -0.214166
v -0.0134116402 -0.00972872879 -0.213461593
v -0.0148540698 -0.00816339161 -0.212853596
v -0.0160241108 -0.00634992123 -0.212360397
v -0.0168862306 -0.00434356881 -0.211997002
v -0.0174142104 -0.00220531202 -0.211774394
v -0.0202867296 0 -0.2172952
v -0.0201173406 0.00220531202 -0.217387393
v -0.0196141601 0.00434356881 -0.217661396
v -0.01879251 0.00634992123 -0.218108997
v -0.0176772997 0.00816339161 -0.218716204
v -0.0163026396 0.00972872879 -0.219464794
v -0.0147099998 0.0109984204 -0.220332101
v -0.0129479701 0.0119340401 -0.221291706
v -0.0110701304 0.0125070196 -0.222314194
v -0.009133338 0.0126999598 -0.223369002
v -0.00719660521 0.0125070196 -0.224423707
v -0.0053186412 0.0119340401 -0.225446403
v -0.00355660892 0.0109984204 -0.226405904
v -0.00196409202 0.00972872879 -0.227273196
v -0.000589371019 0.00816339161 -0.228021905
v 0.000525757961 0.00634992123 -0.228629097
v 0.00134730304 0.00434356881 -0.229076594
v 0.00185054506 0.00220531202 -0.229350597
v 0.00202000095 0 -0.229442805
v 0.00185054506 -0.00220531202 -0.229350597
v 0.00134730304 -0.00434356881 -0.229076594
v 0.000525757961 -0.00634992123 -0.228629097
v -0.000589371019 -0.00816339161 -0.228021905
v -0.00196409202 -0.00972872879 -0.227273196
v -0.00355660892 -0.0109984204 -0.226405904
v -0.0053186412 -0.0119340401 -0.225446403
v -0.00719660521 -0.0125070196 -0.224423707
v -0.009133338 -0.0126999598 -0.223369002
v -0.0110701304 -0.0125070196 -0.222314194
v -0.0129479701 -0.0119340401 -0.221291706
v -0.0147099998 -0.0109984204 -0.220332101
v -0.0163026396 -0.00972872879 -0.219464794
v -0.0176772997 -0.00816339161 -0.218716204
v -0.01879251 -0.00634992123 -0.218108997
v -0.0196141601 -0.00434356881 -0.217661396
v -0.0201173406 -0.00220531202 -0.217387393
v -0.0235252306 0 -0.222594693
v -0.0233659092 0.00220531202 -0.222703502
v -0.0228924695 0.00434356881 -0.223026305
v -0.0221194606 0.00634992123 -0.223553196
v -0.0210703593 0.00816339161 -0.2242686
v -0.0197769403 0.00972872879 -0.225150406
v -0.0182785895 0.0109984204 -0.226171896
v -0.0166209899 0.0119340401 -0.227302104
v -0.0148541899 0.0125070196 -0.228506699
v -0.0130320098 0.0126999598 -0.229748994
v -0.0112099601 0.0125070196 -0.230991304
v -0.00944316294 0.0119340401 -0.232195899
v -0.00778543903 0.0109984204 -0.233326107
v -0.00628715707 0.00972872879 -0.234347597
v -0.00499379588 0.00816339161 -0.235229403
v -0.00394463493 0.00634992123 -0.235944599
v -0.00317156292 0.00434356881 -0.236471698
v -0.00269818306 0.00220531202 -0.236794502
v -0.00253880001 0 -0.236903101
v -0.00269818306 -0.00220531202 -0.236794502
v -0.00317156292 -0.00434356881 -0.236471698
v -0.00394463493 -0.00634992123 -0.235944599
v -0.00499379588 -0.00816339161 -0.235229403
v -0.00628715707 -0.00972872879 -0.234347597
v -0.00778543903 -0.0109984204 -0.233326107
v -0.00944316294 -0.0119340401 -0.232195899
v -0.0112099601 -0.0125070196 -0.230991304
v -0.0130320098 -0.0126999598 -0.229748994
v -0.0148541899 -0.0125070196 -0.228506699
v -0.0166209899 -0.0119340401 -0.227302104
v -0.0182785895 -0.0109984204 -0.226171896
v -0.0197769403 -0.00972872879 -0.225150406
v -0.0210703593 -0.00816339161 -0.2242686
v -0.0221194606 -0.00634992123 -0.223553196
v -0.0228924695 -0.00434356881 -0.223026305
v -0.0233659092 -0.00220531202 -0.222703502
v -0.00796568301 0.00220531202 0.243748397
v -0.0271014497 0 0.266853809
v -0.00781786442 0 0.243872494
v -0.0272493307 -0.00220531202 0.266729802
v -0.00796568301 -0.00220531202 0.243748397
v -0.0276881997 -0.00434356881 0.266361505
v -0.00840461161 -0.00434356881 0.2433801
v -0.0284048896 -0.00634992123 0.265760094
v -0.00912129786 -0.00634992123 0.242778704
v -0.0293775201 -0.00816339161 0.264943898
v -0.0100939199 -0.00816339161 0.241962597
v -0.0305767599 -0.00972872879 0.263937712
v -0.0112931104 -0.00972872879 0.240956396
v -0.0319659114 -0.0109984204 0.262772113
v -0.0126821902 -0.0109984204 0.239790693
v -0.0335027501 -0.0119340401 0.261482388
v -0.0142192198 -0.0119340401 0.238501102
v -0.0351408683 -0.0125070196 0.260107905
v -0.0158572104 -0.0125070196 0.237126604
v -0.0368301794 -0.0126999598 0.258690387
v -0.01754665 -0.0126999598 0.235708997
v -0.0385196805 -0.0125070196 0.25727281
v -0.0192359593 -0.0125070196 0.234291404
v -0.0401576087 -0.0119340401 0.255898386
v -0.0208740793 -0.0119340401 0.232916996
v -0.0416946411 -0.0109984204 0.254608691
v -0.0224109795 -0.0109984204 0.231627405
v -0.0430837199 -0.00972872879 0.253443092
v -0.0238001905 -0.00972872879 0.230461702
v -0.0442829095 -0.00816339161 0.252436906
v -0.0249993205 -0.00816339161 0.229455501
v -0.0452556014 -0.00634992123 0.25162071
v -0.0259719398 -0.00634992123 0.228639305
v -0.0459722802 -0.00434356881 0.251019299
v -0.0266886894 -0.00434356881 0.228037998
v -0.0464111492 -0.00220531202 0.250651002
v -0.0271276198 -0.00220531202 0.227669701
v -0.0465589687 0 0.250526994
v -0.0272753797 0 0.227545604
v -0.0464111492 0.00220531202 0.250651002
v -0.0271276198 0.00220531202 0.227669701
v -0.0459722802 0.00434356881 0.251019299
v -0.0266886894 0.00434356881 0.228037998
v -0.0452556014 0.00634992123 0.25162071
v -0.0259719398 0.00634992123 0.228639305
v -0.0442829095 0.00816339161 0.252436906
v -0.0249993205 0.00816339161 0.229455501
v -0.0430837199 0.00972872879 0.253443092
v -0.0238001905 0.00972872879 0.230461702
v -0.0416946411 0.0109984204 0.254608691
v -0.0224109795 0.0109984204 0.231627405
v -0.0401576087 0.0119340401 0.255898386
v -0.0208740793 0.0119340401 0.232916996
v -0.0385196805 0.0125070196 0.25727281
v -0.0192359593 0.0125070196 0.234291404
v -0.0368301794 0.0126999598 0.258690387
v -0.01754665 0.0126999598 0.235708997
v -0.0351408683 0.0125070196 0.260107905
v -0.0158572104 0.0125070196 0.237126604
v -0.0335027501 0.0119340401 0.261482388
v -0.0142192198 0.0119340401 0.238501102
v -0.0319659114 0.0109984204 0.262772113
v -0.0126821902 0.0109984204 0.239790693
v -0.0305767599 0.00972872879 0.263937712
v -0.0112931104 0.00972872879 0.240956396
v -0.0293775201 0.00816339161 0.264943898
v -0.0100939199 0.00816339161 0.241962597
v -0.0284048896 0.00634992123 0.265760094
v -0.00912129786 0.00634992123 0.242778704
v -0.0276881997 0.00434356881 0.266361505
v -0.00840461161 0.00434356881 0.2433801
v -0.0272493307 0.00220531202 0.266729802
v -0.036830239 0 0.258690387
v -0.036830239 0 -0.258690387
v -0.0130094802 0 0.1937031
v -0.0128175598 -0.00220531202 0.193722293
v -0.0122474404 -0.00434356881 0.193779305
v -0.0113164699 -0.00634992123 0.193872496
v -0.0100530302 -0.00816339161 0.193998903
v -0.00849550869 -0.00972872879 0.194154695
v -0.00669109821 -0.0109984204 0.194335297
v -0.00469469978 -0.0119340401 0.194535106
v -0.002566993 -0.0125070196 0.194747999
v -0.000372692011 -0.0126999598 0.194967598
v 0.00182163704 -0.0125070196 0.195187196
v 0.00394934416 -0.0119340401 0.195400104
v 0.00594574213 -0.0109984204 0.195599705
v 0.00775003387 -0.00972872879 0.195780307
v 0.00930768158 -0.00816339161 0.195936203
v 0.0105711203 -0.00634992123 0.196062595
v 0.0115020201 -0.00434356881 0.196155801
v 0.0120721404 -0.00220531202 0.196212798
v 0.0122641902 0 0.196232095
v 0.0120721404 0.00220531202 0.196212798
v 0.0115020201 0.00434356881 0.196155801
v 0.0105711203 0.00634992123 0.196062595
v 0.00930768158 0.00816339161 0.195936203
v 0.00775003387 0.00972872879 0.195780307
v 0.00594574213 0.0109984204 0.195599705
v 0.00394934416 0.0119340401 0.195400104
v 0.00182163704 0.0125070196 0.195187196
v -0.000372692011 0.0126999598 0.194967598
v -0.002566993 0.0125070196 0.194747999
v -0.00469469978 0.0119340401 0.194535106
v -0.00669109821 0.0109984204 0.194335297
v -0.00849550869 0.00972872879 0.194154695
v -0.0100530302 0.00816339161 0.193998903
v -0.0113164699 0.00634992123 0.193872496
v -0.0122474404 0.00434356881 0.193779305
v -0.0128175598 0.00220531202 0.193722293
v -0.0139351403 0 0.199844494
v -0.0137461396 -0.00220531202 0.199882701
v -0.0131844198 -0.00434356881 0.199996203
v -0.0122674704 -0.00634992123 0.200181603
v -0.0110228602 -0.00816339161 0.200433105
v -0.00948858168 -0.00972872879 0.200743407
v -0.00771111203 -0.0109984204 0.201102704
v -0.00574457599 -0.0119340401 0.201500207
v -0.00364857889 -0.0125070196 0.201923996
v -0.00148695696 -0.0126999598 0.202360898
v 0.000674541981 -0.0125070196 0.202797905
v 0.00277036405 -0.0119340401 0.203221604
v 0.00473701907 -0.0109984204 0.203619093
v 0.00651443005 -0.00972872879 0.203978494
v 0.00804877188 -0.00816339161 0.204288706
v 0.0092933774 -0.00634992123 0.204540297
v 0.0102103902 -0.00434356881 0.204725593
v 0.0107719302 -0.00220531202 0.2048392
v 0.0109610502 0 0.204877406
v 0.0107719302 0.00220531202 0.2048392
v 0.0102103902 0.00434356881 0.204725593
v 0.0092933774 0.00634992123 0.204540297
v 0.00804877188 0.00816339161 0.204288706
v 0.00651443005 0.00972872879 0.203978494
v 0.00473701907 0.0109984204 0.203619093
v 0.00277036405 0.0119340401 0.203221604
v 0.000674541981 0.0125070196 0.202797905
v -0.00148695696 0.0126999598 0.202360898
v -0.00364857889 0.0125070196 0.201923996
v -0.00574457599 0.0119340401 0.201500207
v -0.00771111203 0.0109984204 0.201102704
v -0.00948858168 0.00972872879 0.200743407
v -0.0110228602 0.00816339161 0.200433105
v -0.0122674704 0.00634992123 0.200181603
v -0.0131844198 0.00434356881 0.199996203
v -0.0137461396 0.00220531202 0.199882701
v -0.0154677602 0 0.205863193
v -0.0152833397 -0.00220531202 0.2059201
v -0.0147358701 -0.00434356881 0.206089005
v -0.01384186 -0.00634992123 0.206364796
v -0.0126284901 -0.00816339161 0.206738994
v -0.0111326501 -0.00972872879 0.207200393
v -0.00939988997 -0.0109984204 0.207734898
v -0.00748270703 -0.0119340401 0.208326295
v -0.00543934107 -0.0125070196 0.208956495
v -0.00333195901 -0.0126999598 0.209606603
v -0.00122463703 -0.0125070196 0.210256606
v 0.000818639994 -0.0119340401 0.210886806
v 0.00273573305 -0.0109984204 0.211478204
v 0.00446867896 -0.00972872879 0.212012798
v 0.00596439792 -0.00816339161 0.212474197
v 0.00717777014 -0.00634992123 0.212848499
v 0.00807183888 -0.00434356881 0.213124201
v 0.00861930754 -0.00220531202 0.213293105
v 0.00880372524 0 0.213349894
v 0.00861930754 0.00220531202 0.213293105
v 0.00807183888 0.00434356881 0.213124201
v 0.00717777014 0.00634992123 0.212848499
v 0.00596439792 0.00816339161 0.212474197
v 0.00446867896 0.00972872879 0.212012798
v 0.00273573305 0.0109984204 0.211478204
v 0.000818639994 0.0119340401 0.210886806
v -0.00122463703 0.0125070196 0.210256606
v -0.00333195901 0.0126999598 0.209606603
v -0.00543934107 0.0125070196 0.208956495
v -0.00748270703 0.0119340401 0.208326295
v -0.00939988997 0.0109984204 0.207734898
v -0.0111326501 0.00972872879 0.207200393
v -0.0126284901 0.00816339161 0.206738994
v -0.01384186 0.00634992123 0.206364796
v -0.0147358701 0.00434356881 0.206089005
v -0.0152833397 0.00220531202 0.2059201
v -0.0175920092 0 0.211699396
v -0.0174142104 -0.00220531202 0.211774394
v -0.0168862306 -0.00434356881 0.211997002
v -0.0160241108 -0.00634992123 0.212360397
v -0.0148540698 -0.00816339161 0.212853596
v -0.0134116402 -0.00972872879 0.213461593
v -0.0117406202 -0.0109984204 0.214166
v -0.00989180803 -0.0119340401 0.214945301
v -0.00792139675 -0.0125070196 0.215775996
v -0.00588917686 -0.0126999598 0.216632605
v -0.00385707594 -0.0125070196 0.217489198
v -0.00188660598 -0.0119340401 0.218319803
v -3.79101984e-05 -0.0109984204 0.219099104
v 0.00163304806 -0.00972872879 0.219803497
v 0.00307554007 -0.00816339161 0.220411494
v 0.00424557878 -0.00634992123 0.220904797
v 0.00510764122 -0.00434356881 0.221268207
v 0.00563561916 -0.00220531202 0.2214908
v 0.00581336021 0 0.221565694
v 0.00563561916 0.00220531202 0.2214908
v 0.00510764122 0.00434356881 0.221268207
v 0.00424557878 0.00634992123 0.220904797
v 0.00307554007 0.00816339161 0.220411494
v 0.00163304806 0.00972872879 0.219803497
v -3.79101984e-05 0.0109984204 0.219099104
v -0.00188660598 0.0119340401 0.218319803
v -0.00385707594 0.0125070196 0.217489198
v -0.00588917686 0.0126999598 0.216632605
v -0.00792139675 0.0125070196 0.215775996
v -0.00989180803 0.0119340401 0.214945301
v -0.0117406202 0.0109984204 0.214166
v -0.0134116402 0.00972872879 0.213461593
v -0.0148540698 0.00816339161 0.212853596
v -0.0160241108 0.00634992123 0.212360397
v -0.0168862306 0.00434356881 0.211997002
v -0.0174142104 0.00220531202 0.211774394
v -0.0202867296 0 0.2172952
v -0.0201173406 -0.00220531202 0.217387393
v -0.0196141601 -0.00434356881 0.217661396
v -0.01879251 -0.00634992123 0.218108997
v -0.0176772997 -0.00816339161 0.218716204
v -0.0163026396 -0.00972872879 0.219464794
v -0.0147099998 -0.0109984204 0.220332101
v -0.0129479701 -0.0119340401 0.221291706
v -0.0110701304 -0.0125070196 0.222314194
v -0.009133338 -0.0126999598 0.223369002
v -0.00719660521 -0.0125070196 0.224423707
v -0.0053186412 -0.0119340401 0.225446403
v -0.00355660892 -0.0109984204 0.226405904
v -0.00196409202 -0.00972872879 0.227273196
v -0.000589371019 -0.00816339161 0.228021905
v 0.000525757961 -0.00634992123 0.228629097
v 0.00134730304 -0.00434356881 0.229076594
v 0.00185054506 -0.00220531202 0.229350597
v 0.00202000095 0 0.229442805
v 0.00185054506 0.00220531202 0.229350597
v 0.00134730304 0.00434356881 0.229076594
v 0.000525757961 0.00634992123 0.228629097
v -0.000589371019 0.00816339161 0.228021905
v -0.00196409202 0.00972872879 0.227273196
v -0.00355660892 0.0109984204 0.226405904
v -0.0053186412 0.0119340401 0.225446403
v -0.00719660521 0.0125070196 0.224423707
v -0.009133338 0.0126999598 0.223369002
v -0.0110701304 0.0125070196 0.222314194
v -0.0129479701 0.0119340401 0.221291706
v -0.0147099998 0.0109984204 0.220332101
v -0.0163026396 0.00972872879 0.219464794
v -0.0176772997 0.00816339161 0.218716204
v -0.01879251 0.00634992123 0.218108997
v -0.0196141601 0.00434356881 0.217661396
v -0.0201173406 0.00220531202 0.217387393
v -0.0235252306 0 0.222594693
v -0.0233659092 -0.00220531202 0.222703502
v -0.0228924695 -0.00434356881 0.223026305
v -0.0221194606 -0.00634992123 0.223553196
v -0.0210703593 -0.00816339161 0.2242686
v -0.0197769403 -0.00972872879 0.225150406
v -0.0182785895 -0.0109984204 0.226171896
v -0.0166209899 -0.0119340401 0.227302104
v -0.0148541899 -0.0125070196 0.228506699
v -0.0130320098 -0.0126999598 0.229748994
v -0.0112099601 -0.0125070196 0.230991304
v -0.00944316294 -0.0119340401 0.232195899
v -0.00778543903 -0.0109984204 0.233326107
v -0.00628715707 -0.00972872879 0.234347597
v -0.00499379588 -0.00816339161 0.235229403
v -0.00394463493 -0.00634992123 0.235944599
v -0.00317156292 -0.00434356881 0.236471698
v -0.00269818306 -0.00220531202 0.236794502
v -0.00253880001 0 0.236903101
v -0.00269818306 0.00220531202 0.236794502
v -0.00317156292 0.00434356881 0.236471698
v -0.00394463493 0.00634992123 0.235944599
v -0.00499379588 0.00816339161 0.235229403
v -0.00628715707 0.00972872879 0.234347597
v -0.00778543903 0.0109984204 0.233326107
v -0.00944316294 0.0119340401 0.232195899
v -0.0112099601 0.0125070196 0.230991304
v -0.0130320098 0.0126999598 0.229748994
v -0.0148541899 0.0125070196 0.228506699
v -0.0166209899 0.0119340401 0.227302104
v -0.0182785895 0.0109984204 0.226171896
v -0.0197769403 0.00972872879 0.225150406
v -0.0210703593 0.00816339161 0.2242686
v -0.0221194606 0.00634992123 0.223553196
v -0.0228924695 0.00434356881 0.223026305
v -0.0233659092 0.00220531202 0.222703502
v -0.0749999806 -0.000807775941 -0.0988593102
v -0.0749999806 0 -0.0988249704
v -0.0749999806 -4.75963952e-06 -0.108351097
v -0.0749999806 0.000807775941 -0.0988593102
v -0.0749999806 0.00239998102 -0.099132292
v -0.0749999806 0.00392335607 -0.0996705219
v -0.0749999806 0.00533372117 -0.100458398
v -0.0749999806 0.00659066392 -0.101473302
v -0.0749999806 0.0076580639 -0.1026861
v -0.0749999806 0.00850510504 -0.104061797
v -0.0749999806 0.00910746958 -0.105560802
v -0.0749999806 0.00944781303 -0.107140101
v -0.0749999806 0.00951641705 -0.108754203
v -0.0749999806 0.00931119919 -0.110356703
v -0.0749999806 0.00883811712 -0.111901402
v -0.0749999806 0.00811076071 -0.113343999
v -0.0749999806 0.00715011312 -0.114642903
v -0.0749999806 0.00598370982 -0.115760803
v -0.0749999806 0.00464522792 -0.116665401
v -0.0749999806 0.00317305303 -0.117330901
v -0.0749999806 0.00160968304 -0.117738001
v -0.0749999806 0 -0.117875002
v -0.0749999806 -0.00160968304 -0.117738001
v -0.0749999806 -0.00317305303 -0.117330901
v -0.0749999806 -0.00464522792 -0.116665401
v -0.0749999806 -0.00598370982 -0.115760803
v -0.0749999806 -0.00715011312 -0.114642903
v -0.0749999806 -0.00811076071 -0.113343999
v -0.0749999806 -0.00883811712 -0.111901402
v -0.0749999806 -0.00931119919 -0.110356703
v -0.0749999806 -0.00951641705 -0.108754203
v -0.0749999806 -0.00944781303 -0.107140101
v -0.0749999806 -0.00910746958 -0.105560802
v -0.0749999806 -0.00850510504 -0.104061797
v -0.0749999806 -0.0076580639 -0.1026861
v -0.0749999806 -0.00659066392 -0.101473302
v -0.0749999806 -0.00533372117 -0.100458398
v -0.0749999806 -0.00392335607 -0.0996705219
v -0.0749999806 -0.00239998102 -0.099132292
v -0.0111381998 0.00610160781 -0.1010359
v -0.0108552501 0.00658881618 -0.101475403
v -0.0125944 0.00160890794 -0.117733702
v -0.0126176402 0.00144308805 -0.117765002
v -0.0126757603 0.00078405696 -0.1178426
v -0.0126993004 0.000122283003 -0.117874198
v -0.0124028903 0.00273072696 -0.1174751
v -0.0125264497 0.00209236098 -0.117642298
v -0.0125671001 0.00180309999 -0.117697001
v -0.0120034805 0.00414788723 -0.116924398
v -0.01224792 0.00335788704 -0.117263399
v -0.0122940503 0.00317156292 -0.117326297
v -0.0112598501 0.00587397814 -0.115847997
v -0.0117788902 0.00474822521 -0.116607003
v -0.0118180504 0.00464361906 -0.116662301
v -0.0104954801 0.00714641809 -0.114639498
v -0.0106544401 0.00690639019 -0.114901103
v -0.0107475501 0.00676602079 -0.115054101
v -0.0109702302 0.00639861822 -0.115405597
v -0.0112006599 0.00598114682 -0.115757696
v -0.0104195997 0.00726085901 -0.114514798
v -0.0100889802 0.0077137351 -0.113937698
v -0.00944709685 0.00848770142 -0.1126725
v -0.00920069218 0.00875419285 -0.112103499
v -0.00912356284 0.00883311033 -0.111899503
v -0.00955200102 0.00836640503 -0.1128892
v -0.00977283716 0.00810998585 -0.1133435
v -0.00895833876 0.00900208857 -0.111462504
v -0.00875449087 0.00920039415 -0.110815302
v -0.00843477156 0.00949442293 -0.1091123
v -0.00851130392 0.00942581799 -0.109720699
v -0.00859338045 0.00935107376 -0.110161699
v -0.00864118338 0.00930637121 -0.110355601
v -0.00841271784 0.00951391365 -0.107891403
v -0.00840163231 0.00952374935 -0.108503602
v -0.00841528084 0.00951164868 -0.108754002
v -0.00865363982 0.00929534435 -0.106271103
v -0.00853055716 0.00940841436 -0.1068644
v -0.00849199202 0.00944310427 -0.107140698
v -0.00844687223 0.00948363543 -0.107463703
v -0.0093194237 0.0086277118 -0.104314201
v -0.00907248165 0.0088870516 -0.104922801
v -0.00885516405 0.00910359621 -0.105548203
v -0.00881332066 0.00914412737 -0.105683498
v -0.00988125801 0.00797808077 -0.103146598
v -0.00959068537 0.00832515862 -0.103722103
v -0.00943386462 0.00850003865 -0.104064398
v -0.0106538497 0.0069060321 -0.101800501
v -0.0104919001 0.00715589477 -0.102063701
v -0.0101863099 0.00758469105 -0.102588199
v -0.0101316497 0.00765508413 -0.102688096
v -0.0120836403 0.00390815688 -0.0996636674
v -0.0118618002 0.00453728391 -0.0999751016
v -0.0116114002 0.00514435722 -0.100333698
v -0.0114388401 0.00551724387 -0.100585602
v -0.0122752097 0.00325685693 -0.0993990824
v -0.01256698 0.00180309999 -0.0990031287
v -0.0125271603 0.00208759308 -0.0990565419
v -0.0124669597 0.00239855004 -0.0991380811
v -0.0124011002 0.00273889303 -0.0992273018
v -0.0126894098 0.000517609937 -0.0988390371
v -0.0126775503 0.000754291017 -0.098854892
v -0.0126196099 0.00142615999 -0.098932378
v -0.0126972701 -2.15586988e-05 -0.0988284871
v -0.0126991197 -0.000143719008 -0.0988260508
v -0.0126745095 -0.000803472009 -0.0988589525
v -0.0125043904 -0.00221979595 -0.0990872905
v -0.0125228101 -0.00211334205 -0.0990623832
v -0.0125609599 -0.00184571696 -0.0990112424
v -0.0126157403 -0.00146025396 -0.098937571
v -0.0122094704 -0.00349533511 -0.0994895101
v -0.0123721901 -0.0028663869 -0.0992665216
v -0.0124678602 -0.00239872909 -0.0991368815
v -0.0116136 -0.00513923122 -0.100330397
v -0.0117986202 -0.00469917012 -0.100064903
v -0.0120177204 -0.00410640193 -0.0997556373
v -0.0120758396 -0.00392138911 -0.0996750519
v -0.0110494401 -0.00626075221 -0.101171598
v -0.0113409702 -0.00571578695 -0.100730501
v -0.0102837002 -0.00745201111 -0.1024177
v -0.0104238903 -0.00725466013 -0.102177903
v -0.0106308404 -0.00694239093 -0.101837501
v -0.0107426001 -0.00677388906 -0.101653799
v -0.0108546596 -0.0065865512 -0.101477802
v -0.00963288546 -0.00827628281 -0.103635304
v -0.00995260384 -0.00788891315 -0.103012398
v -0.01013189 -0.00765234185 -0.102690302
v -0.00901836064 -0.00894188788 -0.105068602
v -0.00906115677 -0.00889855623 -0.104952797
v -0.00933295395 -0.00861310866 -0.104282998
v -0.00943404436 -0.00849956181 -0.104064703
v -0.00952374935 -0.00839882996 -0.103871003
v -0.00849097874 -0.00944405701 -0.107140601
v -0.00851333141 -0.00942397118 -0.106966697
v -0.0086393347 -0.00930863619 -0.106331401
v -0.00880855322 -0.00914865732 -0.105699196
v -0.00885414984 -0.00910371542 -0.105562001
v -0.00843816902 -0.00949138403 -0.107550502
v -0.00840252638 -0.00952297356 -0.108154498
v -0.0084617734 -0.00947034266 -0.109368801
v -0.00841015484 -0.00951623917 -0.108754203
v -0.0088216057 -0.00913614035 -0.111043803
v -0.00865882635 -0.00929051638 -0.110450402
v -0.00853294134 -0.00940626767 -0.109848998
v -0.00950843003 -0.00841897726 -0.112804897
v -0.00923585799 -0.00871711876 -0.112188801
v -0.009123086 -0.00883370638 -0.111899599
v -0.00901770499 -0.00894260406 -0.111629598
v -0.0101099601 -0.00768613815 -0.113975599
v -0.00977325439 -0.00810891297 -0.113342904
v -0.0111997696 -0.00597947789 -0.115755402
v -0.0110192196 -0.00631374121 -0.115481697
v -0.0106979599 -0.00684410287 -0.114974402
v -0.0106319096 -0.00694310619 -0.114865497
v -0.0104956003 -0.00714743091 -0.114640497
v -0.0104280096 -0.0072487588 -0.114528999
v -0.0116100898 -0.00514727784 -0.116364397
v -0.0113248201 -0.0057477951 -0.115945198
v -0.0120413797 -0.00403642608 -0.116977401
v -0.0118151903 -0.00465732813 -0.116658702
v -0.0126292696 -0.00133812404 -0.117780499
v -0.0125933802 -0.00160872901 -0.117732398
v -0.0125619704 -0.00184589601 -0.117690198
v -0.0125420596 -0.00199586106 -0.117663503
v -0.0124017503 -0.00273555494 -0.117473699
v -0.0122933304 -0.00317126489 -0.117325403
v -0.0122374799 -0.00339591503 -0.117248997
v -0.01269936 -2.1505899e-05 -0.117874198
v -0.0126820803 -0.000673108967 -0.117851101
v -0.0126347505 -4.75963952e-06 -0.108351097
v -0.0121881897 -4.75951992e-06 -0.108351097
v -0.0112063801 -0.00597530603 -0.108852997
v -0.0119767701 -4.75951992e-06 -0.108351097
v -0.0105656898 -0.00704657985 -0.108239003
v -0.00948035717 -0.00845050812 -0.108451404
v -0.0112162204 0.00595700694 -0.108867802
v -0.0102325603 0.00752210617 -0.107571997
v -0.00982737541 0.00804430246 -0.108245
v -0.00920981076 0.00874459743 -0.109224997
v -0.00914817955 0.00880908873 -0.1048126
v -0.0749999806 -0.000807775941 0.1178407
v -0.0749999806 0 0.117875002
v -0.0749999806 -4.75963952e-06 0.108348899
v -0.0749999806 0.000807775941 0.1178407
v -0.0749999806 0.00239998102 0.117567502
v -0.0749999806 0.00392335607 0.117029399
v -0.0749999806 0.00533372117 0.1162415
v -0.0749999806 0.00659066392 0.115226597
v -0.0749999806 0.0076580639 0.114013903
v -0.0749999806 0.00850510504 0.112638198
v -0.0749999806 0.00910746958 0.111139096
v -0.0749999806 0.00944781303 0.109559797
v -0.0749999806 0.00951641705 0.107945703
v -0.0749999806 0.00931119919 0.106343299
v -0.0749999806 0.00883811712 0.104798503
v -0.0749999806 0.00811076071 0.103355996
v -0.0749999806 0.00715011312 0.102057002
v -0.0749999806 0.00598370982 0.100939199
v -0.0749999806 0.00464522792 0.100034498
v -0.0749999806 0.00317305303 0.0993690416
v -0.0749999806 0.00160968304 0.0989620015
v -0.0749999806 0 0.0988249704
v -0.0749999806 -0.00160968304 0.0989620015
v -0.0749999806 -0.00317305303 0.0993690416
v -0.0749999806 -0.00464522792 0.100034498
v -0.0749999806 -0.00598370982 0.100939199
v -0.0749999806 -0.00715011312 0.102057002
v -0.0749999806 -0.00811076071 0.103355996
v -0.0749999806 -0.00883811712 0.104798503
v -0.0749999806 -0.00931119919 0.106343299
v -0.0749999806 -0.00951641705 0.107945703
v -0.0749999806 -0.00944781303 0.109559797
v -0.0749999806 -0.00910746958 0.111139096
v -0.0749999806 -0.00850510504 0.112638198
v -0.0749999806 -0.0076580639 0.114013903
v -0.0749999806 -0.00659066392 0.115226597
v -0.0749999806 -0.00533372117 0.1162415
v -0.0749999806 -0.00392335607 0.117029399
v -0.0749999806 -0.00239998102 0.117567502
v -0.0111381998 0.00610160781 0.115664102
v -0.0108552501 0.00658881618 0.115224503
v -0.0125944 0.00160890794 0.0989663005
v -0.0126176402 0.00144308805 0.098934941
v -0.0126757603 0.00078405696 0.0988572836
v -0.0126993004 0.000122283003 0.0988257527
v -0.0124028903 0.00273072696 0.099224858
v -0.0125264497 0.00209236098 0.0990576074
v -0.0125671001 0.00180309999 0.0990029499
v -0.0120034805 0.00414788723 0.0997756124
v -0.01224792 0.00335788704 0.0994365215
v -0.0122940503 0.00317156292 0.0993736312
v -0.0112598501 0.00587397814 0.100851901
v -0.0117788902 0.00474822521 0.100092903
v -0.0118180504 0.00464361906 0.100037597
v -0.0104954801 0.00714641809 0.1020604
v -0.0106544401 0.00690639019 0.101798803
v -0.0107475501 0.00676602079 0.101645797
v -0.0109702302 0.00639861822 0.101294301
v -0.0112006599 0.00598114682 0.100942299
v -0.0104195997 0.00726085901 0.1021851
v -0.0100889802 0.0077137351 0.1027622
v -0.00944709685 0.00848770142 0.104027502
v -0.00920069218 0.00875419285 0.104596399
v -0.00912356284 0.00883311033 0.1048005
v -0.00955200102 0.00836640503 0.103810698
v -0.00977283716 0.00810998585 0.103356503
v -0.00895833876 0.00900208857 0.105237499
v -0.00875449087 0.00920039415 0.105884701
v -0.00843477156 0.00949442293 0.107587598
v -0.00851130392 0.00942581799 0.106979303
v -0.00859338045 0.00935107376 0.106538199
v -0.00864118338 0.00930637121 0.106344402
v -0.00841271784 0.00951391365 0.108808503
v -0.00840163231 0.00952374935 0.108196303
v -0.00841528084 0.00951164868 0.107945897
v -0.00865363982 0.00929534435 0.1104289
v -0.00853055716 0.00940841436 0.109835602
v -0.00849199202 0.00944310427 0.109559201
v -0.00844687223 0.00948363543 0.109236203
v -0.0093194237 0.0086277118 0.112385802
v -0.00907248165 0.0088870516 0.111777201
v -0.00885516405 0.00910359621 0.111151703
v -0.00881332066 0.00914412737 0.111016497
v -0.00988125801 0.00797808077 0.113553397
v -0.00959068537 0.00832515862 0.112977803
v -0.00943386462 0.00850003865 0.112635598
v -0.0106538497 0.0069060321 0.114899501
v -0.0104919001 0.00715589477 0.114636302
v -0.0101863099 0.00758469105 0.114111699
v -0.0101316497 0.00765508413 0.114011802
v -0.0120836403 0.00390815688 0.117036298
v -0.0118618002 0.00453728391 0.116724797
v -0.0116114002 0.00514435722 0.116366297
v -0.0114388401 0.00551724387 0.116114303
v -0.0122752097 0.00325685693 0.117300898
v -0.01256698 0.00180309999 0.117696799
v -0.0125271603 0.00208759308 0.117643401
v -0.0124669597 0.00239855004 0.117561899
v -0.0124011002 0.00273889303 0.117472701
v -0.0126894098 0.000517609937 0.117860898
v -0.0126775503 0.000754291017 0.117845103
v -0.0126196099 0.00142615999 0.117767602
v -0.0126972701 -2.15586988e-05 0.117871501
v -0.0126991197 -0.000143719008 0.1178739
v -0.0126745095 -0.000803472009 0.117840998
v -0.0125043904 -0.00221979595 0.117612697
v -0.0125228101 -0.00211334205 0.1176375
v -0.0125609599 -0.00184571696 0.117688701
v -0.0126157403 -0.00146025396 0.117762402
v -0.0122094704 -0.00349533511 0.1172105
v -0.0123721901 -0.0028663869 0.117433399
v -0.0124678602 -0.00239872909 0.117563099
v -0.0116136 -0.00513923122 0.116369598
v -0.0117986202 -0.00469917012 0.116635099
v -0.0120177204 -0.00410640193 0.116944298
v -0.0120758396 -0.00392138911 0.117024802
v -0.0110494401 -0.00626075221 0.1155283
v -0.0113409702 -0.00571578695 0.115969397
v -0.0102837002 -0.00745201111 0.114282303
v -0.0104238903 -0.00725466013 0.114522003
v -0.0106308404 -0.00694239093 0.114862502
v -0.0107426001 -0.00677388906 0.115046203
v -0.0108546596 -0.0065865512 0.115222201
v -0.00963288546 -0.00827628281 0.113064699
v -0.00995260384 -0.00788891315 0.113687597
v -0.01013189 -0.00765234185 0.114009596
v -0.00901836064 -0.00894188788 0.111631297
v -0.00906115677 -0.00889855623 0.111747198
v -0.00933295395 -0.00861310866 0.112416901
v -0.00943404436 -0.00849956181 0.1126353
v -0.00952374935 -0.00839882996 0.112829
v -0.00849097874 -0.00944405701 0.109559402
v -0.00851333141 -0.00942397118 0.109733202
v -0.0086393347 -0.00930863619 0.110368602
v -0.00880855322 -0.00914865732 0.111000799
v -0.00885414984 -0.00910371542 0.111137897
v -0.00843816902 -0.00949138403 0.1091493
v -0.00840252638 -0.00952297356 0.108545497
v -0.0084617734 -0.00947034266 0.107331201
v -0.00841015484 -0.00951623917 0.107945703
v -0.0088216057 -0.00913614035 0.105656199
v -0.00865882635 -0.00929051638 0.106249601
v -0.00853294134 -0.00940626767 0.106850997
v -0.00950843003 -0.00841897726 0.103895098
v -0.00923585799 -0.00871711876 0.104511097
v -0.009123086 -0.00883370638 0.104800299
v -0.00901770499 -0.00894260406 0.105070397
v -0.0101099601 -0.00768613815 0.102724403
v -0.00977325439 -0.00810891297 0.103357002
v -0.0111997696 -0.00597947789 0.100944497
v -0.0110192196 -0.00631374121 0.101218298
v -0.0106979599 -0.00684410287 0.101725496
v -0.0106319096 -0.00694310619 0.101834498
v -0.0104956003 -0.00714743091 0.102059402
v -0.0104280096 -0.0072487588 0.102170996
v -0.0116100898 -0.00514727784 0.100335501
v -0.0113248201 -0.0057477951 0.100754701
v -0.0120413797 -0.00403642608 0.0997225568
v -0.0118196597 -0.00464504911 0.100034997
v -0.0126292696 -0.00133812404 0.0989194512
v -0.0125933802 -0.00160872901 0.0989675522
v -0.0125619704 -0.00184589601 0.0990097523
v -0.0125420596 -0.00199586106 0.0990364477
v -0.0124017503 -0.00273555494 0.0992262885
v -0.0122933304 -0.00317126489 0.0993744731
v -0.0122374799 -0.00339591503 0.0994509384
v -0.01269936 -2.1505899e-05 0.0988257527
v -0.0126820803 -0.000673108967 0.0988488123
v -0.0126347505 -4.75963952e-06 0.108348899
v -0.0121881897 -4.75951992e-06 0.108348899
v -0.0112063801 -0.00597530603 0.107846901
v -0.0119767701 -4.75951992e-06 0.108348899
v -0.0105656898 -0.00704657985 0.108461
v -0.00948035717 -0.00845050812 0.108248502
v -0.0112162204 0.00595700694 0.107832097
v -0.0102325603 0.00752210617 0.109127901
v -0.00982737541 0.00804430246 0.108455002
v -0.00920981076 0.00874459743 0.107474901
v -0.00914817955 0.00880908873 0.111887299

# 0 UV coordinates

# 1977 vertex normals
vn 0 0 -1
vn -0.99619472 0.0871559307 0
vn -0.99619472 -0.0871559307 -0
vn -0.965923727 -0.258827209 -0
vn -0.906310678 -0.422612011 -0
vn -0.906310797 -0.422611892 -0
vn -0.819154918 -0.573572397 -0
vn -0.707106829 -0.707106829 -0
vn -0.573572874 -0.81915462 -0
vn -0.573572099 -0.819155097 -0
vn -0.422611713 -0.906310916 -0
vn -0.258827209 -0.965923727 -0
vn -0.0871559307 -0.99619472 -0
vn 0.0871559307 -0.99619472 0
vn 0.258827209 -0.965923727 0
vn 0.422611713 -0.906310916 0
vn 0.573572099 -0.819155097 0
vn 0.573572874 -0.81915462 0
vn 0.707106829 -0.707106829 0
vn 0.819154918 -0.573572397 0
vn 0.906310797 -0.422611892 0
vn 0.906310678 -0.422612011 0
vn 0.965923727 -0.258827209 0
vn 0.99619472 -0.0871559307 0
vn 0.99619472 0.0871559307 0
vn 0.965923727 0.258827209 0
vn 0.906310678 0.422612011 0
vn 0.906310797 0.422611892 0
vn 0.819154918 0.573572397 0
vn 0.707106829 0.707106829 0
vn 0.573572874 0.81915462 0
vn 0.573572099 0.819155097 0
vn 0.422611713 0.906310916 0
vn 0.258827209 0.965923727 0
vn 0.0871559307 0.99619472 0
vn -0.0871559307 0.99619472 0
vn -0.258827209 0.965923727 0
vn -0.422611713 0.906310916 0
vn -0.573572099 0.819155097 0
vn -0.573572874 0.81915462 0
vn -0.707106829 0.707106829 0
vn -0.819154918 0.573572397 0
vn -0.906310797 0.422611892 0
vn -0.906310678 0.422612011 0
vn -0.965923727 0.258827209 0
vn -0.763129115 0.0871691108 0.640340328
vn -0.763128996 -0.0871687531 0.640340507
vn -0.763128817 -0.087169461 0.640340626
vn -0.739945471 -0.258803099 0.620887816
vn -0.73993957 -0.258827895 0.620884418
vn -0.694264472 -0.422637492 0.582558513
vn -0.694277883 -0.422605604 0.582565725
vn -0.627508581 -0.57357502 0.526540279
vn -0.627513528 -0.573566794 0.526543379
vn -0.541672409 -0.707112014 0.454514802
vn -0.541671515 -0.707113206 0.454513997
vn -0.439384311 -0.819153726 0.368685395
vn -0.43937701 -0.819159508 0.368681103
vn -0.323734701 -0.906313598 0.271646291
vn -0.3237454 -0.906307697 0.271652997
vn -0.198280603 -0.965921223 0.166376904
vn -0.198273405 -0.965923607 0.166371107
vn -0.0667624995 -0.996195078 0.0560208485
vn -0.0667654201 -0.99619472 0.0560226999
vn 0.0667660236 -0.99619472 -0.0560233518
vn 0.0667644069 -0.99619478 -0.0560211502
vn 0.198271796 -0.965924025 -0.166370302
vn 0.198272496 -0.965923786 -0.1663706
vn 0.323737502 -0.906312108 -0.271647602
vn 0.323741198 -0.906310022 -0.271650404
vn 0.439388007 -0.819149613 -0.368689805
vn 0.439377308 -0.819159091 -0.368681699
vn 0.541666687 -0.707117379 -0.454513103
vn 0.541669607 -0.70711422 -0.454514712
vn 0.627509177 -0.573572576 -0.526542306
vn 0.627512872 -0.573566973 -0.526543796
vn 0.694274306 -0.422615498 -0.582562804
vn 0.694269598 -0.422628909 -0.582558572
vn 0.739948094 -0.258797199 -0.620887101
vn 0.73994118 -0.258827209 -0.620882928
vn 0.763130784 -0.0871476531 -0.640341222
vn 0.763126075 -0.0871971175 -0.640339911
vn 0.763127625 0.0871757194 -0.640341103
vn 0.763129413 0.0871691108 -0.640339971
vn 0.739944577 0.258810103 -0.620886028
vn 0.739944696 0.258814394 -0.62088412
vn 0.694270372 0.422627091 -0.582559228
vn 0.69427371 0.422617406 -0.582562208
vn 0.627510726 0.573571622 -0.526541471
vn 0.627511382 0.573568106 -0.526544571
vn 0.541666806 0.707118094 -0.454512089
vn 0.541669607 0.707113624 -0.454515815
vn 0.439392 0.819145501 -0.368694097
vn 0.439373314 0.819163203 -0.368677408
vn 0.323738903 0.906311274 -0.271648407
vn 0.323739707 0.906310797 -0.271649688
vn 0.198271796 0.965924025 -0.166370198
vn 0.198272496 0.965923786 -0.1663706
vn 0.0667669103 0.996194601 -0.0560233518
vn 0.0667635724 0.996195018 -0.0560210906
vn -0.0667633414 0.996195018 0.05602061
vn -0.0667654797 0.99619472 0.0560236499
vn -0.198280603 0.965920985 0.1663775
vn -0.198273405 0.965923727 0.166370496
vn -0.323736995 0.906312823 0.271645993
vn -0.323743105 0.906308413 0.271653414
vn -0.439387888 0.819149613 0.368690312
vn -0.4393785 0.819158912 0.368680507
vn -0.541672409 0.707112014 0.454514802
vn -0.541671515 0.707113206 0.454513997
vn -0.627508998 0.57357502 0.526539922
vn -0.627513111 0.573566914 0.526543915
vn -0.694262683 0.4226484 0.582552671
vn -0.694279611 0.422594786 0.582571507
vn -0.739944696 0.258802801 0.620888829
vn -0.739940524 0.258828193 0.620883405
vn -0.763128579 0.0871691108 0.640340805
vn -0.994965911 0.0870469809 0.0496564507
vn -0.964802921 0.258528113 0.0481510088
vn -0.964805424 0.258518487 0.0481534004
vn -0.905385077 0.422180206 0.0451875292
vn -0.905384421 0.422181696 0.0451874696
vn -0.818470478 0.573094606 0.0408498012
vn -0.818473279 0.573090613 0.0408500396
vn -0.706667602 0.706666112 0.035269849
vn -0.706661522 0.706672311 0.0352674089
vn -0.573339105 0.81881851 0.0286137406
vn -0.573334694 0.81882149 0.0286124293
vn -0.422518313 0.906109214 0.0210859105
vn -0.422523588 0.90610671 0.0210886002
vn -0.258805007 0.96584332 0.0129172802
vn -0.258804113 0.965843499 0.0129165603
vn -0.0871546194 0.996185422 0.00434976816
vn -0.0871545002 0.996185303 0.00434964802
vn 0.0871552825 0.996185303 -0.00434970809
vn 0.0871560499 0.996185303 -0.00435000611
vn 0.258806109 0.965842903 -0.0129172197
vn 0.258804202 0.965843618 -0.0129164997
vn 0.4225173 0.906109512 -0.0210872795
vn 0.422515988 0.906110227 -0.0210865103
vn 0.57333833 0.818818927 -0.0286136195
vn 0.573347628 0.81881237 -0.02861779
vn 0.706667602 0.706665993 -0.0352722406
vn 0.706659496 0.706674278 -0.0352690183
vn 0.818471491 0.573093176 -0.0408494994
vn 0.81847173 0.573092878 -0.0408500396
vn 0.905385494 0.422179401 -0.0451878905
vn 0.905376196 0.422199607 -0.0451819785
vn 0.964803398 0.258527189 -0.0481477305
vn 0.964804888 0.258521289 -0.0481494591
vn 0.994965911 0.0870485306 -0.0496545993
vn 0.994965374 0.0870546103 -0.0496531092
vn 0.994965911 -0.0870486423 -0.0496531092
vn 0.994965374 -0.087054491 -0.0496545993
vn 0.964803398 -0.258527011 -0.0481493995
vn 0.964804888 -0.258521497 -0.0481477901
vn 0.905385196 -0.422180414 -0.0451824591
vn 0.905376077 -0.422199309 -0.04518741
vn 0.818470895 -0.57309401 -0.04084998
vn 0.818472207 -0.573092222 -0.040849559
vn 0.706668019 -0.706665695 -0.0352694914
vn 0.7066589 -0.706674814 -0.0352717005
vn 0.573337913 -0.818819225 -0.0286171995
vn 0.57334888 -0.818811476 -0.0286142193
vn 0.42251721 -0.906109571 -0.0210866295
vn 0.422515392 -0.906110525 -0.02108711
vn 0.258806199 -0.965842903 -0.0129166199
vn 0.258804888 -0.96584332 -0.0129171601
vn 0.08715415 -0.996185422 -0.00434994604
vn 0.0871568918 -0.996185124 -0.00434976816
vn -0.087154679 -0.996185303 0.00434964802
vn -0.087154381 -0.996185422 0.00434976816
vn -0.258807093 -0.965842783 0.01291674
vn -0.258802712 -0.965843916 0.0129171601
vn -0.422518611 -0.906108975 0.0210883599
vn -0.422524512 -0.906106174 0.0210862104
vn -0.573338807 -0.818818629 0.0286127906
vn -0.573334873 -0.818821371 0.0286134407
vn -0.706666708 -0.706667125 0.0352677107
vn -0.70666182 -0.706672013 0.035269551
vn -0.818471313 -0.573093474 0.0408499204
vn -0.818472207 -0.573092282 0.0408498608
vn -0.905384719 -0.422180802 0.0451875292
vn -0.905385077 -0.422180206 0.0451875292
vn -0.964803278 -0.258526295 0.0481533408
vn -0.964805126 -0.258520186 0.0481511317
vn -0.994965792 -0.0870485902 0.0496564507
vn -0.994965911 -0.0870475098 0.049655851
vn -0.994965672 0.0870490596 0.049655851
vn -0.985078275 0.0870239735 0.148484498
vn -0.955215514 0.258519709 0.143982694
vn -0.955210328 0.258543998 0.143973693
vn -0.896386325 0.422181904 0.135107607
vn -0.896386206 0.422182202 0.135107696
vn -0.810337722 0.57309252 0.122138098
vn -0.810341597 0.573086619 0.122141398
vn -0.699641109 0.70666939 0.105455697
vn -0.699634612 0.706676424 0.105451196
vn -0.567632914 0.818824172 0.0855556726
vn -0.567639112 0.818819821 0.0855570436
vn -0.418325603 0.906106114 0.0630517602
vn -0.418325394 0.906106114 0.0630522892
vn -0.256231189 0.965843678 0.0386204682
vn -0.256230593 0.965843916 0.0386197492
vn -0.0862885118 0.996185303 0.0130056096
vn -0.0862882063 0.996185422 0.0130053703
vn 0.0862900615 0.996185184 -0.0130057903
vn 0.0862891003 0.996185303 -0.0130054904
vn 0.25623101 0.965843916 -0.0386194512
vn 0.256238401 0.96584183 -0.0386222601
vn 0.418318212 0.906109512 -0.0630524084
vn 0.418318301 0.906109512 -0.0630517602
vn 0.567651987 0.818810582 -0.085560441
vn 0.567645311 0.818815529 -0.0855575204
vn 0.699637771 0.706673205 -0.105452098
vn 0.699632704 0.706678271 -0.105450399
vn 0.810341179 0.573088109 -0.122136697
vn 0.810330987 0.573103726 -0.1221314
vn 0.896377623 0.422202706 -0.135100096
vn 0.896388412 0.422177196 -0.135108903
vn 0.955217421 0.258516014 -0.143976003
vn 0.955216408 0.258520693 -0.143975601
vn 0.985076487 0.0870585367 -0.148476198
vn 0.985077024 0.0870508477 -0.148477405
vn 0.985076427 -0.0870575905 -0.148477405
vn 0.985077202 -0.0870518014 -0.148476303
vn 0.955216706 -0.258519292 -0.143975601
vn 0.955217123 -0.258517504 -0.143976003
vn 0.896376789 -0.4222022 -0.135107294
vn 0.896389425 -0.422177404 -0.135101706
vn 0.810341001 -0.573089182 -0.122132897
vn 0.810330927 -0.573102713 -0.1221352
vn 0.699635923 -0.706675172 -0.105450802
vn 0.699634612 -0.706676424 -0.105451703
vn 0.567652822 -0.818810105 -0.0855586529
vn 0.567644179 -0.818816125 -0.0855592415
vn 0.41832 -0.906108677 -0.0630519316
vn 0.418315798 -0.906110704 -0.0630521104
vn 0.256231397 -0.965843678 -0.0386211798
vn 0.256238192 -0.96584183 -0.0386205912
vn 0.0862893984 -0.996185303 -0.0130056096
vn 0.0862898827 -0.996185184 -0.0130056702
vn -0.0862882063 -0.996185303 0.0130054299
vn -0.0862883329 -0.996185303 0.01300555
vn -0.256232411 -0.965843379 0.0386199914
vn -0.256229401 -0.965844274 0.0386202298
vn -0.418325603 -0.906106114 0.0630522892
vn -0.41832611 -0.906105816 0.063051872
vn -0.567634583 -0.81882298 0.0855564401
vn -0.567637622 -0.818821013 0.0855562612
vn -0.699640512 -0.706670403 0.105452098
vn -0.699634016 -0.706676483 0.105454601
vn -0.810335994 -0.573094606 0.122140497
vn -0.810342491 -0.573085725 0.122138798
vn -0.896385372 -0.422183901 0.135107607
vn -0.896387219 -0.422180086 0.1351078
vn -0.955216527 -0.258520514 0.143974602
vn -0.955209374 -0.258542389 0.143981799
vn -0.985076427 -0.0870454311 0.1484842
vn -0.985079825 -0.087022543 0.148475796
vn -0.985077679 0.0870461985 0.148475498
vn -0.965400815 0.0870485902 0.245813102
vn -0.936131418 0.258538991 0.238360599
vn -0.936137199 0.258504599 0.238374695
vn -0.878477097 0.422184587 0.223692194
vn -0.87847501 0.422190607 0.223689497
vn -0.794156611 0.57308197 0.202218696
vn -0.794144928 0.573100805 0.202211395
vn -0.685659707 0.70667541 0.174587697
vn -0.685658276 0.706676602 0.174587697
vn -0.556302011 0.818818271 0.141649902
vn -0.556302071 0.818817675 0.141653299
vn -0.409968793 0.906105995 0.104391702
vn -0.409967601 0.90610671 0.1043901
vn -0.2511096 0.965844512 0.06394016
vn -0.25111261 0.965843678 0.0639415309
vn -0.0845638514 0.996185482 0.0215326492
vn -0.0845655724 0.996185303 0.0215332508
vn 0.0845661685 0.996185184 -0.02153337
vn 0.0845634267 0.996185482 -0.0215320494
vn 0.251120001 0.965841711 -0.0639417097
vn 0.2511186 0.965842187 -0.0639412403
vn 0.409959495 0.906110823 -0.104386397
vn 0.409971893 0.906104326 -0.104393199
vn 0.556306779 0.818814218 -0.141655102
vn 0.556290388 0.818826795 -0.141646504
vn 0.685660005 0.706675112 -0.174587607
vn 0.685667217 0.706666172 -0.174595103
vn 0.794142008 0.573103011 -0.202216506
vn 0.794139028 0.573107719 -0.202214494
vn 0.878481805 0.422175407 -0.223691106
vn 0.878481805 0.422176689 -0.223689198
vn 0.936133921 0.258522093 -0.238369197
vn 0.936136305 0.258508414 -0.238374397
vn 0.965397179 0.0870527029 -0.245825499
vn 0.965397 0.0870719478 -0.245819807
vn 0.965398371 -0.0870532915 -0.245820701
vn 0.965395808 -0.0870713517 -0.245824605
vn 0.936132908 -0.258521706 -0.238373294
vn 0.936137319 -0.258508712 -0.238370195
vn 0.878484011 -0.422171593 -0.223689705
vn 0.878479481 -0.422180504 -0.223690495
vn 0.794143319 -0.573101521 -0.202215701
vn 0.794137716 -0.573109508 -0.202215403
vn 0.685655296 -0.70667851 -0.174592003
vn 0.685672104 -0.706662476 -0.174590707
vn 0.55630511 -0.818816185 -0.141650096
vn 0.556291819 -0.818825126 -0.141651303
vn 0.4099603 -0.906109929 -0.1043901
vn 0.409971386 -0.906104982 -0.1043896
vn 0.251118511 -0.965842187 -0.0639412403
vn 0.25112009 -0.965841711 -0.0639417097
vn 0.0845658109 -0.996185303 -0.0215326492
vn 0.0845637918 -0.996185482 -0.0215327702
vn -0.0845643207 -0.996185422 0.0215328299
vn -0.0845651031 -0.996185303 0.0215330701
vn -0.251110196 -0.965844274 0.0639409423
vn -0.251112103 -0.965843916 0.0639408231
vn -0.409970313 -0.906105518 0.104390897
vn -0.409966111 -0.906107426 0.104390897
vn -0.556298614 -0.818820179 0.141652405
vn -0.556305587 -0.818815827 0.1416509
vn -0.685658395 -0.706676602 0.174587697
vn -0.685659587 -0.70667541 0.174587697
vn -0.794154406 -0.573087096 0.202213496
vn -0.794147015 -0.573095918 0.2022167
vn -0.878477216 -0.42218551 0.223690093
vn -0.878473997 -0.422191501 0.223691493
vn -0.936128974 -0.258535892 0.238372698
vn -0.936138988 -0.258509308 0.238362506
vn -0.965402722 -0.0870245025 0.245813593
vn -0.965398371 -0.0870478675 0.245822698
vn -0.965400398 0.0870237276 0.245823205
vn -0.936123312 0.0870656297 0.340724111
vn -0.907752097 0.25850141 0.330398411
vn -0.907747805 0.258531302 0.330387205
vn -0.851841927 0.42218551 0.310039908
vn -0.851838112 0.422193587 0.310039401
vn -0.770070672 0.573092401 0.280278891
vn -0.770070314 0.573091805 0.280281097
vn -0.664863408 0.706681013 0.241989106
vn -0.664876223 0.706665397 0.241999507
vn -0.539436996 0.818814576 0.1963422
vn -0.539429724 0.818820894 0.196336493
vn -0.397534013 0.906107903 0.144690499
vn -0.397533089 0.90610832 0.144689396
vn -0.243498698 0.965843678 0.0886253119
vn -0.243496805 0.965844214 0.0886241123
vn -0.0819999501 0.996185422 0.0298451707
vn -0.0820013806 0.996185303 0.0298455898
vn 0.0819991827 0.996185482 -0.0298447609
vn 0.0820017979 0.996185303 -0.0298458301
vn 0.243503794 0.965842187 -0.0886279866
vn 0.243502393 0.965842724 -0.0886257812
vn 0.39754039 0.906105101 -0.144690007
vn 0.397542298 0.906104088 -0.144691199
vn 0.539422095 0.818827271 -0.196330398
vn 0.539445877 0.818808019 -0.196345598
vn 0.664879322 0.706662178 -0.242000207
vn 0.66486299 0.706681728 -0.241988197
vn 0.770064116 0.57310158 -0.280278414
vn 0.770060122 0.573106885 -0.280278593
vn 0.851845622 0.4221735 -0.310046285
vn 0.851837575 0.422194511 -0.310039699
vn 0.907752812 0.258509189 -0.330390811
vn 0.907753527 0.258505106 -0.330392092
vn 0.936124802 0.087072067 -0.340718299
vn 0.936124325 0.0870478079 -0.340725809
vn 0.936122179 -0.0870734975 -0.340725005
vn 0.936126828 -0.0870462582 -0.340719104
vn 0.907753706 -0.258504391 -0.330392092
vn 0.907752514 -0.258509904 -0.330390692
vn 0.851845801 -0.422175795 -0.310042709
vn 0.851838529 -0.422189802 -0.310043603
vn 0.770061314 -0.573104918 -0.280279189
vn 0.770064175 -0.573101401 -0.280278295
vn 0.664879203 -0.706664503 -0.241993994
vn 0.664864302 -0.706678212 -0.241994902
vn 0.539425015 -0.818823576 -0.196337894
vn 0.539442003 -0.81881249 -0.196337596
vn 0.397539705 -0.90610528 -0.144690305
vn 0.397543103 -0.906103909 -0.144690901
vn 0.243504405 -0.965842128 -0.0886266232
vn 0.243500799 -0.965843022 -0.088626802
vn 0.0819996521 -0.996185422 -0.0298453495
vn 0.0820016786 -0.996185303 -0.0298454091
vn -0.082001321 -0.996185303 0.0298454091
vn -0.0820000097 -0.996185422 0.0298454091
vn -0.243497804 -0.965843976 0.0886244103
vn -0.243498594 -0.965843678 0.0886253119
vn -0.397536188 -0.906107008 0.144690305
vn -0.397530913 -0.906109273 0.144689605
vn -0.539436281 -0.818816006 0.196338996
vn -0.539430678 -0.818819523 0.196339607
vn -0.664863229 -0.706679404 0.2419945
vn -0.664876699 -0.706666708 0.241994098
vn -0.770070612 -0.573091686 0.280280799
vn -0.770070612 -0.57309252 0.280279189
vn -0.851839602 -0.422190309 0.310039908
vn -0.851840377 -0.422188908 0.310039312
vn -0.907753527 -0.258506805 0.330390304
vn -0.907746315 -0.258526087 0.330395311
vn -0.936124206 -0.0870530605 0.340725005
vn -0.936122596 -0.0870602727 0.340727389
vn -0.936123371 0.0870476291 0.340728194
vn -0.897546589 0.087036781 0.432243794
vn -0.870333314 0.258540213 0.419138402
vn -0.870336115 0.258527398 0.419140399
vn -0.816733479 0.422185898 0.393326104
vn -0.81673038 0.422198594 0.393319011
vn -0.738338292 0.5730865 0.355567813
vn -0.738331974 0.573097885 0.355562598
vn -0.637484074 0.706659019 0.306996793
vn -0.637473404 0.70667088 0.306991786
vn -0.5172019 0.818819523 0.249072
vn -0.517198205 0.818822503 0.249069899
vn -0.381153405 0.906107128 0.183553606
vn -0.381143689 0.906112671 0.183546707
vn -0.2334629 0.965844214 0.112427898
vn -0.233468294 0.965842187 0.112434201
vn -0.0786213204 0.996185422 0.0378626511
vn -0.0786195323 0.996185482 0.0378615186
vn 0.0786225125 0.996185303 -0.0378628299
vn 0.0786218569 0.996185303 -0.0378623605
vn 0.233464494 0.965843379 -0.112432197
vn 0.233457804 0.965845585 -0.112427197
vn 0.381160498 0.906103671 -0.183556303
vn 0.381159186 0.906104207 -0.183556005
vn 0.517214596 0.818809986 -0.249076903
vn 0.517203689 0.818820119 -0.249066398
vn 0.637461007 0.706687808 -0.306978613
vn 0.637479126 0.706667423 -0.30698809
vn 0.738331795 0.573102713 -0.355555087
vn 0.738342226 0.573082626 -0.355566204
vn 0.816736281 0.422187597 -0.393318594
vn 0.816734374 0.422189415 -0.39332059
vn 0.8703444 0.258504093 -0.419137597
vn 0.870341778 0.258518606 -0.419133991
vn 0.897549629 0.0870418474 -0.432236612
vn 0.897549391 0.0870422125 -0.432237089
vn 0.897549272 -0.0870429203 -0.432237089
vn 0.897549629 -0.0870410725 -0.432236612
vn 0.87034452 -0.258507311 -0.419135302
vn 0.870341718 -0.258515507 -0.419136405
vn 0.816733479 -0.422191799 -0.393319905
vn 0.816737294 -0.422185212 -0.393319309
vn 0.738332927 -0.57309711 -0.355561912
vn 0.738340974 -0.573088109 -0.355559707
vn 0.637468278 -0.706679583 -0.306982487
vn 0.637472093 -0.70667541 -0.306984305
vn 0.517215788 -0.818810701 -0.249072194
vn 0.517202199 -0.818819582 -0.249071002
vn 0.381158292 -0.906104803 -0.183555394
vn 0.381159693 -0.906104028 -0.183556303
vn 0.233463794 -0.965843797 -0.112430103
vn 0.2334591 -0.965844929 -0.112429596
vn 0.0786214992 -0.996185422 -0.0378624685
vn 0.0786225721 -0.996185184 -0.0378625914
vn -0.0786219835 -0.996185303 0.0378624685
vn -0.0786190629 -0.996185601 0.0378618799
vn -0.233461902 -0.965844214 0.1124309
vn -0.233469605 -0.965842307 0.112431198
vn -0.381152004 -0.906108379 0.183550298
vn -0.381144911 -0.906111479 0.183549806
vn -0.517199278 -0.818821609 0.249070495
vn -0.51719898 -0.818821728 0.249070495
vn -0.637476921 -0.706666887 0.306993693
vn -0.637482226 -0.706661224 0.30699569
vn -0.738333404 -0.573095202 0.355563909
vn -0.738336802 -0.573089302 0.355566502
vn -0.816734374 -0.422188401 0.393321514
vn -0.816727996 -0.422199696 0.393322796
vn -0.870335817 -0.258528411 0.419140309
vn -0.870334506 -0.258535206 0.419138908
vn -0.897544682 -0.0870619416 0.4322429
vn -0.897551119 -0.0870337412 0.43223539
vn -0.897548974 0.0870589018 0.432234406
vn -0.850055277 0.0870434567 0.519451201
vn -0.824281871 0.258542389 0.503701806
vn -0.824284494 0.258534312 0.503701627
vn -0.773516119 0.422194809 0.472677886
vn -0.773513615 0.422191113 0.472685486
vn -0.699268997 0.573083222 0.427315503
vn -0.699258804 0.573101521 0.427307695
vn -0.603750706 0.706657588 0.368944794
vn -0.603735507 0.706678629 0.368929505
vn -0.489830703 0.81882292 0.299324214
vn -0.489831597 0.818821192 0.299327612
vn -0.360975593 0.906112015 0.220585197
vn -0.360987604 0.906103611 0.220599994
vn -0.221113503 0.965842009 0.135122493
vn -0.221107394 0.965844572 0.135114402
vn -0.0744602606 0.996185422 0.0455012284
vn -0.0744614005 0.996185303 0.0455022417
vn 0.0744614005 0.996185303 -0.0455025993
vn 0.0744609237 0.996185303 -0.04550194
vn 0.221107796 0.965844393 -0.135115206
vn 0.221104607 0.965845227 -0.135114104
vn 0.360989898 0.906103671 -0.220595703
vn 0.360988408 0.906105518 -0.220590904
vn 0.489826292 0.818826675 -0.299321502
vn 0.489840209 0.818813622 -0.299334109
vn 0.603736877 0.706674516 -0.368935108
vn 0.603738785 0.706671178 -0.368937999
vn 0.699268818 0.573083401 -0.427315712
vn 0.699261725 0.573097408 -0.42730841
vn 0.773518026 0.422183514 -0.472685009
vn 0.773515999 0.422194391 -0.472678393
vn 0.824286878 0.258522689 -0.503703475
vn 0.824288785 0.258518606 -0.503702581
vn 0.850056827 0.0870437026 -0.519448817
vn 0.850056171 0.0870121717 -0.519454896
vn 0.850053906 -0.0870446488 -0.519453406
vn 0.850059211 -0.087011151 -0.519450188
vn 0.824289203 -0.25851649 -0.503702879
vn 0.824286401 -0.258524805 -0.503703296
vn 0.773521423 -0.422180712 -0.472681791
vn 0.773512423 -0.422197312 -0.472681701
vn 0.699268997 -0.573085129 -0.427313
vn 0.69926399 -0.573091626 -0.427312493
vn 0.603736103 -0.706674516 -0.368936509
vn 0.603736818 -0.706674516 -0.368935108
vn 0.489827514 -0.818824112 -0.29932639
vn 0.489841789 -0.818813801 -0.299331009
vn 0.360995412 -0.906101584 -0.220595494
vn 0.360982597 -0.906107724 -0.220590994
vn 0.221104994 -0.965844989 -0.135114595
vn 0.221105903 -0.965844929 -0.135113806
vn 0.0744609237 -0.996185303 -0.0455023013
vn 0.0744609237 -0.996185303 -0.04550194
vn -0.0744600222 -0.996185422 0.0455016382
vn -0.0744619295 -0.996185303 0.0455019996
vn -0.221117496 -0.965841293 0.135120496
vn -0.221101806 -0.965845704 0.135115802
vn -0.360974908 -0.906110585 0.220592096
vn -0.360989898 -0.906104088 0.220594198
vn -0.489828706 -0.818823576 0.299325407
vn -0.489832103 -0.818821728 0.299325496
vn -0.603748977 -0.706662595 0.368937701
vn -0.60373503 -0.706676006 0.368935406
vn -0.699262679 -0.573094606 0.427310497
vn -0.699265003 -0.573090315 0.427312613
vn -0.773509622 -0.422201186 0.472683012
vn -0.773522913 -0.422177702 0.472682089
vn -0.824285507 -0.258530587 0.503701806
vn -0.824280798 -0.258546203 0.503701508
vn -0.850055814 -0.0870340392 0.519451976
vn -0.850054026 -0.0870351121 0.519454718
vn -0.850054502 0.0870256424 0.519455492
vn -0.794109523 0.0870525166 0.601508081
vn -0.770033181 0.258540213 0.583271801
vn -0.770032585 0.258526891 0.583278477
vn -0.722606421 0.422188491 0.547354519
vn -0.722614408 0.422161788 0.547364473
vn -0.653240323 0.573092401 0.494815499
vn -0.653239191 0.573094487 0.494814306
vn -0.564002693 0.706671417 0.427219599
vn -0.56399858 0.706676006 0.427217513
vn -0.45759359 0.818818927 0.346617401
vn -0.457588106 0.818825185 0.34661001
vn -0.33723101 0.906104028 0.255442709
vn -0.337226689 0.906107008 0.255437911
vn -0.206554607 0.96584481 0.156457901
vn -0.206558093 0.965843379 0.156461999
vn -0.0695598125 0.996185422 0.0526900217
vn -0.0695616603 0.996185303 0.0526909791
vn 0.0695595071 0.996185422 -0.0526896715
vn 0.0695589706 0.996185482 -0.0526891313
vn 0.206553802 0.965844929 -0.156458303
vn 0.206558198 0.965843201 -0.156463593
vn 0.337218404 0.906110585 -0.255435795
vn 0.337225705 0.906105876 -0.25544259
vn 0.457598299 0.818813801 -0.346623302
vn 0.4575921 0.818822503 -0.346611202
vn 0.564007521 0.706668675 -0.427217603
vn 0.564002097 0.706675529 -0.427213609
vn 0.65324831 0.573083401 -0.49481529
vn 0.653245807 0.573084176 -0.494817615
vn 0.722595394 0.42221579 -0.547348022
vn 0.722605884 0.422181189 -0.547360778
vn 0.770027816 0.25853309 -0.583282113
vn 0.770031214 0.25851959 -0.583283722
vn 0.794105709 0.087007761 -0.601519704
vn 0.794109881 0.0870831609 -0.601503313
vn 0.794115305 -0.0870078206 -0.601507008
vn 0.794100404 -0.0870832801 -0.601515889
vn 0.770031273 -0.258518785 -0.583283722
vn 0.770027578 -0.258533806 -0.583281994
vn 0.72259748 -0.422203809 -0.547354519
vn 0.722603917 -0.42219311 -0.5473544
vn 0.653244793 -0.573086321 -0.494816512
vn 0.653249323 -0.573081315 -0.494816393
vn 0.564004123 -0.706672609 -0.427215606
vn 0.564007878 -0.706668496 -0.427217394
vn 0.45760411 -0.818812072 -0.346620113
vn 0.457583696 -0.818826675 -0.346612304
vn 0.33722201 -0.906108201 -0.25543949
vn 0.337222487 -0.906108201 -0.255439013
vn 0.206555098 -0.965844214 -0.156461105
vn 0.206556007 -0.965844214 -0.156459793
vn 0.0695601702 -0.996185422 -0.0526900813
vn 0.0695587322 -0.996185482 -0.05268877
vn -0.0695609972 -0.996185303 0.0526909791
vn -0.0695595071 -0.996185422 0.0526896082
vn -0.206556395 -0.965843916 0.156460896
vn -0.206557795 -0.965843678 0.156460196
vn -0.337229788 -0.906105101 0.255440503
vn -0.337227404 -0.906106114 0.255440086
vn -0.457595199 -0.818818808 0.346615493
vn -0.457586288 -0.818825483 0.346611708
vn -0.564001501 -0.706672072 0.427219898
vn -0.563999593 -0.70667541 0.427217096
vn -0.653242886 -0.573087811 0.494817287
vn -0.653236508 -0.573099196 0.494812399
vn -0.722608089 -0.422178805 0.547359824
vn -0.722612679 -0.422171295 0.547359407
vn -0.770029187 -0.258542508 0.583275974
vn -0.770036697 -0.258524388 0.583274186
vn -0.794110179 -0.0870404169 0.601508975
vn -0.794106603 -0.087051861 0.601512074
vn -0.79410708 0.0870397612 0.601513028
vn 0.763126075 0.0871971175 0.640339911
vn 0.763127625 -0.0871757194 0.640341103
vn 0.763129413 -0.0871691108 0.640339971
vn 0.739944577 -0.258810103 0.620886028
vn 0.739944696 -0.258814394 0.62088412
vn 0.694270372 -0.422627091 0.582559228
vn 0.69427371 -0.422617406 0.582562208
vn 0.627510726 -0.573571622 0.526541471
vn 0.627511382 -0.573568106 0.526544571
vn 0.541666806 -0.707118094 0.454512089
vn 0.541669607 -0.707113624 0.454515815
vn 0.439392 -0.819145501 0.368694097
vn 0.439373314 -0.819163203 0.368677408
vn 0.323738903 -0.906311274 0.271648407
vn 0.323739707 -0.906310797 0.271649688
vn 0.198271796 -0.965924025 0.166370198
vn 0.198272496 -0.965923786 0.1663706
vn 0.0667669103 -0.996194601 0.0560233518
vn 0.0667635724 -0.996195018 0.0560210906
vn -0.0667633414 -0.996195018 -0.05602061
vn -0.0667654797 -0.99619472 -0.0560236499
vn -0.198280603 -0.965920985 -0.1663775
vn -0.198273405 -0.965923727 -0.166370496
vn -0.323736995 -0.906312823 -0.271645993
vn -0.323743105 -0.906308413 -0.271653414
vn -0.439387888 -0.819149613 -0.368690312
vn -0.4393785 -0.819158912 -0.368680507
vn -0.541672409 -0.707112014 -0.454514802
vn -0.541671515 -0.707113206 -0.454513997
vn -0.627508998 -0.57357502 -0.526539922
vn -0.627513111 -0.573566914 -0.526543915
vn -0.694262683 -0.4226484 -0.582552671
vn -0.694279611 -0.422594786 -0.582571507
vn -0.739944696 -0.258802801 -0.620888829
vn -0.739940524 -0.258828193 -0.620883405
vn -0.763128579 -0.0871691108 -0.640340805
vn -0.763129115 -0.0871691108 -0.640340328
vn -0.763128996 0.0871687531 -0.640340507
vn -0.763128817 0.087169461 -0.640340626
vn -0.739945471 0.258803099 -0.620887816
vn -0.73993957 0.258827895 -0.620884418
vn -0.694264472 0.422637492 -0.582558513
vn -0.694277883 0.422605604 -0.582565725
vn -0.627508581 0.57357502 -0.526540279
vn -0.627513528 0.573566794 -0.526543379
vn -0.541672409 0.707112014 -0.454514802
vn -0.541671515 0.707113206 -0.454513997
vn -0.439384311 0.819153726 -0.368685395
vn -0.43937701 0.819159508 -0.368681103
vn -0.323734701 0.906313598 -0.271646291
vn -0.3237454 0.906307697 -0.271652997
vn -0.198280603 0.965921223 -0.166376904
vn -0.198273405 0.965923607 -0.166371107
vn -0.0667624995 0.996195078 -0.0560208485
vn -0.0667654201 0.99619472 -0.0560226999
vn 0.0667660236 0.99619472 0.0560233518
vn 0.0667644069 0.99619478 0.0560211502
vn 0.198271796 0.965924025 0.166370302
vn 0.198272496 0.965923786 0.1663706
vn 0.323737502 0.906312108 0.271647602
vn 0.323741198 0.906310022 0.271650404
vn 0.439388007 0.819149613 0.368689805
vn 0.439377308 0.819159091 0.368681699
vn 0.541666687 0.707117379 0.454513103
vn 0.541669607 0.70711422 0.454514712
vn 0.627509177 0.573572576 0.526542306
vn 0.627512872 0.573566973 0.526543796
vn 0.694274306 0.422615498 0.582562804
vn 0.694269598 0.422628909 0.582558572
vn 0.739948094 0.258797199 0.620887101
vn 0.73994118 0.258827209 0.620882928
vn 0.763130784 0.0871476531 0.640341222
vn -0.642778575 8.31319085e-06 0.766052127
vn -0.642791212 -8.31295984e-06 0.766041517
vn -0.642780006 5.06723018e-06 0.766050994
vn -0.642791629 1.66262998e-05 0.7660411
vn -0.642787576 1.66258997e-05 0.766044617
vn -0.642787814 0 0.766044378
vn -0.642790794 0 0.766041875
vn -0.642816007 2.07828998e-05 0.766020775
vn -0.642787516 0 0.766044617
vn -0.642790914 0 0.766041815
vn -0.642775595 8.31307989e-06 0.766054571
vn -0.642791271 -1.66262998e-05 0.766041398
vn -0.642775774 -8.31307989e-06 0.766054511
vn -0.642780006 -4.15662998e-06 0.766050994
vn -0.642785907 -1.66263999e-05 0.766045928
vn -0.642786682 -8.31345005e-06 0.766045213
vn -0.642783523 4.15654995e-06 0.766048014
vn -0.642785907 1.66263999e-05 0.766045809
vn -0.642788172 0 0.766043901
vn -0.642787278 1.66260998e-05 0.766044676
vn -0.642777622 -1.16767001e-06 0.766052902
vn -0.642789602 -1.66260998e-05 0.766042829
vn -0.642786682 8.31345005e-06 0.766045213
vn -0.642783523 -4.15654995e-06 0.766048014
vn -0.642787516 -1.66258997e-05 0.766044497
vn -0.642787576 1.66260998e-05 0.766044617
vn -0.642791212 8.31295984e-06 0.766041517
vn -0.6427809 -8.31320995e-06 0.7660501
vn -0.642782629 0 0.76604861
vn -0.642789125 -1.66261998e-05 0.766043305
vn -0.642815828 -1.66262998e-05 0.766020775
vn -0.642777622 2.07821995e-06 0.766052902
vn -0.642790973 0 0.766041696
vn -0.642791271 0 0.766041279
vn -0.6427809 -1.66263999e-05 -0.7660501
vn -0.642779708 -2.07822995e-06 -0.766051114
vn -0.642788589 1.66260998e-05 -0.766043723
vn -0.642787814 1.66260998e-05 -0.766044319
vn -0.642814875 -2.49393979e-05 -0.766021609
vn -0.642790616 -1.66261998e-05 -0.766042113
vn -0.642786622 1.66258997e-05 -0.766045272
vn -0.642776728 8.31308989e-06 -0.766053617
vn -0.642787516 -1.66258997e-05 -0.766044497
vn -0.642785907 1.66263999e-05 -0.766045928
vn -0.642782509 8.31308989e-06 -0.766048908
vn -0.64278692 -1.66263999e-05 -0.766045094
vn -0.642783523 0 -0.766047776
vn -0.642780006 -4.83367012e-06 -0.766050994
vn -0.642792225 -4.15648992e-06 -0.766040683
vn -0.642781675 0 -0.766049385
vn -0.642785728 -4.15672002e-06 -0.766046107
vn -0.642814875 2.49393979e-05 -0.766021729
vn -0.642787516 0 -0.766044617
vn -0.6427899 1.66260998e-05 -0.766042471
vn -0.642778695 1.66263999e-05 -0.766052127
vn -0.642787695 0 -0.766044378
vn -0.6427899 -1.66260998e-05 -0.76604259
vn -0.642788529 -1.66261998e-05 -0.766043723
vn -0.642782509 -6.23480992e-06 -0.766048729
vn -0.642792225 0 -0.766040683
vn -0.642780006 4.15662998e-06 -0.766050994
vn -0.642785728 6.23507958e-06 -0.766046107
vn -0.64279151 1.66262998e-05 -0.7660411
vn -0.642779708 1.40121995e-06 -0.766051114
vn -0.642788529 0 -0.766043723
vn -0.642790914 0 -0.766041875
vn -0.642776787 -8.31308989e-06 -0.766053617
vn -0.642790973 0 -0.766041696
vn -0.64278841 0 -0.766043782
vn -0.642785609 0 0.766046107
vn -0.64278841 0 0.766044021
vn -0.642791629 -1.66262998e-05 -0.7660411
vn -0.994965911 -0.0870469809 -0.0496564507
vn -0.964802921 -0.258528113 -0.0481510088
vn -0.964805424 -0.258518487 -0.0481534004
vn -0.905385077 -0.422180206 -0.0451875292
vn -0.905384421 -0.422181696 -0.0451874696
vn -0.818470478 -0.573094606 -0.0408498012
vn -0.818473279 -0.573090613 -0.0408500396
vn -0.706667602 -0.706666112 -0.035269849
vn -0.706661522 -0.706672311 -0.0352674089
vn -0.573339105 -0.81881851 -0.0286137406
vn -0.573334694 -0.81882149 -0.0286124293
vn -0.422518313 -0.906109214 -0.0210859105
vn -0.422523588 -0.90610671 -0.0210886002
vn -0.258805007 -0.96584332 -0.0129172802
vn -0.258804113 -0.965843499 -0.0129165603
vn -0.0871546194 -0.996185422 -0.00434976816
vn -0.0871545002 -0.996185303 -0.00434964802
vn 0.0871552825 -0.996185303 0.00434970809
vn 0.0871560499 -0.996185303 0.00435000611
vn 0.258806109 -0.965842903 0.0129172197
vn 0.258804202 -0.965843618 0.0129164997
vn 0.4225173 -0.906109512 0.0210872795
vn 0.422515988 -0.906110227 0.0210865103
vn 0.57333833 -0.818818927 0.0286136195
vn 0.573347628 -0.81881237 0.02861779
vn 0.706667602 -0.706665993 0.0352722406
vn 0.706659496 -0.706674278 0.0352690183
vn 0.818471491 -0.573093176 0.0408494994
vn 0.81847173 -0.573092878 0.0408500396
vn 0.905385494 -0.422179401 0.0451878905
vn 0.905376196 -0.422199607 0.0451819785
vn 0.964803398 -0.258527189 0.0481477305
vn 0.964804888 -0.258521289 0.0481494591
vn 0.994965911 -0.0870485306 0.0496545993
vn 0.994965374 -0.0870546103 0.0496531092
vn 0.994965911 0.0870486423 0.0496531092
vn 0.994965374 0.087054491 0.0496545993
vn 0.964803398 0.258527011 0.0481493995
vn 0.964804888 0.258521497 0.0481477901
vn 0.905385196 0.422180414 0.0451824591
vn 0.905376077 0.422199309 0.04518741
vn 0.818470895 0.57309401 0.04084998
vn 0.818472207 0.573092222 0.040849559
vn 0.706668019 0.706665695 0.0352694914
vn 0.7066589 0.706674814 0.0352717005
vn 0.573337913 0.818819225 0.0286171995
vn 0.57334888 0.818811476 0.0286142193
vn 0.42251721 0.906109571 0.0210866295
vn 0.422515392 0.906110525 0.02108711
vn 0.258806199 0.965842903 0.0129166199
vn 0.258804888 0.96584332 0.0129171601
vn 0.08715415 0.996185422 0.00434994604
vn 0.0871568918 0.996185124 0.00434976816
vn -0.087154679 0.996185303 -0.00434964802
vn -0.087154381 0.996185422 -0.00434976816
vn -0.258807093 0.965842783 -0.01291674
vn -0.258802712 0.965843916 -0.0129171601
vn -0.422518611 0.906108975 -0.0210883599
vn -0.422524512 0.906106174 -0.0210862104
vn -0.573338807 0.818818629 -0.0286127906
vn -0.573334873 0.818821371 -0.0286134407
vn -0.706666708 0.706667125 -0.0352677107
vn -0.70666182 0.706672013 -0.035269551
vn -0.818471313 0.573093474 -0.0408499204
vn -0.818472207 0.573092282 -0.0408498608
vn -0.905384719 0.422180802 -0.0451875292
vn -0.905385077 0.422180206 -0.0451875292
vn -0.964803278 0.258526295 -0.0481533408
vn -0.964805126 0.258520186 -0.0481511317
vn -0.994965792 0.0870485902 -0.0496564507
vn -0.994965911 0.0870475098 -0.049655851
vn -0.994965672 -0.0870490596 -0.049655851
vn -0.985078275 -0.0870239735 -0.148484498
vn -0.955215514 -0.258519709 -0.143982694
vn -0.955210328 -0.258543998 -0.143973693
vn -0.896386325 -0.422181904 -0.135107607
vn -0.896386206 -0.422182202 -0.135107696
vn -0.810337722 -0.57309252 -0.122138098
vn -0.810341597 -0.573086619 -0.122141398
vn -0.699641109 -0.70666939 -0.105455697
vn -0.699634612 -0.706676424 -0.105451196
vn -0.567632914 -0.818824172 -0.0855556726
vn -0.567639112 -0.818819821 -0.0855570436
vn -0.418325603 -0.906106114 -0.0630517602
vn -0.418325394 -0.906106114 -0.0630522892
vn -0.256231189 -0.965843678 -0.0386204682
vn -0.256230593 -0.965843916 -0.0386197492
vn -0.0862885118 -0.996185303 -0.0130056096
vn -0.0862882063 -0.996185422 -0.0130053703
vn 0.0862900615 -0.996185184 0.0130057903
vn 0.0862891003 -0.996185303 0.0130054904
vn 0.25623101 -0.965843916 0.0386194512
vn 0.256238401 -0.96584183 0.0386222601
vn 0.418318212 -0.906109512 0.0630524084
vn 0.418318301 -0.906109512 0.0630517602
vn 0.567651987 -0.818810582 0.085560441
vn 0.567645311 -0.818815529 0.0855575204
vn 0.699637771 -0.706673205 0.105452098
vn 0.699632704 -0.706678271 0.105450399
vn 0.810341179 -0.573088109 0.122136697
vn 0.810330987 -0.573103726 0.1221314
vn 0.896377623 -0.422202706 0.135100096
vn 0.896388412 -0.422177196 0.135108903
vn 0.955217421 -0.258516014 0.143976003
vn 0.955216408 -0.258520693 0.143975601
vn 0.985076487 -0.0870585367 0.148476198
vn 0.985077024 -0.0870508477 0.148477405
vn 0.985076427 0.0870575905 0.148477405
vn 0.985077202 0.0870518014 0.148476303
vn 0.955216706 0.258519292 0.143975601
vn 0.955217123 0.258517504 0.143976003
vn 0.896376789 0.4222022 0.135107294
vn 0.896389425 0.422177404 0.135101706
vn 0.810341001 0.573089182 0.122132897
vn 0.810330927 0.573102713 0.1221352
vn 0.699635923 0.706675172 0.105450802
vn 0.699634612 0.706676424 0.105451703
vn 0.567652822 0.818810105 0.0855586529
vn 0.567644179 0.818816125 0.0855592415
vn 0.41832 0.906108677 0.0630519316
vn 0.418315798 0.906110704 0.0630521104
vn 0.256231397 0.965843678 0.0386211798
vn 0.256238192 0.96584183 0.0386205912
vn 0.0862893984 0.996185303 0.0130056096
vn 0.0862898827 0.996185184 0.0130056702
vn -0.0862882063 0.996185303 -0.0130054299
vn -0.0862883329 0.996185303 -0.01300555
vn -0.256232411 0.965843379 -0.0386199914
vn -0.256229401 0.965844274 -0.0386202298
vn -0.418325603 0.906106114 -0.0630522892
vn -0.41832611 0.906105816 -0.063051872
vn -0.567634583 0.81882298 -0.0855564401
vn -0.567637622 0.818821013 -0.0855562612
vn -0.699640512 0.706670403 -0.105452098
vn -0.699634016 0.706676483 -0.105454601
vn -0.810335994 0.573094606 -0.122140497
vn -0.810342491 0.573085725 -0.122138798
vn -0.896385372 0.422183901 -0.135107607
vn -0.896387219 0.422180086 -0.1351078
vn -0.955216527 0.258520514 -0.143974602
vn -0.955209374 0.258542389 -0.143981799
vn -0.985076427 0.0870454311 -0.1484842
vn -0.985079825 0.087022543 -0.148475796
vn -0.985077679 -0.0870461985 -0.148475498
vn -0.965400815 -0.0870485902 -0.245813102
vn -0.936131418 -0.258538991 -0.238360599
vn -0.936137199 -0.258504599 -0.238374695
vn -0.878477097 -0.422184587 -0.223692194
vn -0.87847501 -0.422190607 -0.223689497
vn -0.794156611 -0.57308197 -0.202218696
vn -0.794144928 -0.573100805 -0.202211395
vn -0.685659707 -0.70667541 -0.174587697
vn -0.685658276 -0.706676602 -0.174587697
vn -0.556302011 -0.818818271 -0.141649902
vn -0.556302071 -0.818817675 -0.141653299
vn -0.409968793 -0.906105995 -0.104391702
vn -0.409967601 -0.90610671 -0.1043901
vn -0.2511096 -0.965844512 -0.06394016
vn -0.25111261 -0.965843678 -0.0639415309
vn -0.0845638514 -0.996185482 -0.0215326492
vn -0.0845655724 -0.996185303 -0.0215332508
vn 0.0845661685 -0.996185184 0.02153337
vn 0.0845634267 -0.996185482 0.0215320494
vn 0.251120001 -0.965841711 0.0639417097
vn 0.2511186 -0.965842187 0.0639412403
vn 0.409959495 -0.906110823 0.104386397
vn 0.409971893 -0.906104326 0.104393199
vn 0.556306779 -0.818814218 0.141655102
vn 0.556290388 -0.818826795 0.141646504
vn 0.685660005 -0.706675112 0.174587607
vn 0.685667217 -0.706666172 0.174595103
vn 0.794142008 -0.573103011 0.202216506
vn 0.794139028 -0.573107719 0.202214494
vn 0.878481805 -0.422175407 0.223691106
vn 0.878481805 -0.422176689 0.223689198
vn 0.936133921 -0.258522093 0.238369197
vn 0.936136305 -0.258508414 0.238374397
vn 0.965397179 -0.0870527029 0.245825499
vn 0.965397 -0.0870719478 0.245819807
vn 0.965398371 0.0870532915 0.245820701
vn 0.965395808 0.0870713517 0.245824605
vn 0.936132908 0.258521706 0.238373294
vn 0.936137319 0.258508712 0.238370195
vn 0.878484011 0.422171593 0.223689705
vn 0.878479481 0.422180504 0.223690495
vn 0.794143319 0.573101521 0.202215701
vn 0.794137716 0.573109508 0.202215403
vn 0.685655296 0.70667851 0.174592003
vn 0.685672104 0.706662476 0.174590707
vn 0.55630511 0.818816185 0.141650096
vn 0.556291819 0.818825126 0.141651303
vn 0.4099603 0.906109929 0.1043901
vn 0.409971386 0.906104982 0.1043896
vn 0.251118511 0.965842187 0.0639412403
vn 0.25112009 0.965841711 0.0639417097
vn 0.0845658109 0.996185303 0.0215326492
vn 0.0845637918 0.996185482 0.0215327702
vn -0.0845643207 0.996185422 -0.0215328299
vn -0.0845651031 0.996185303 -0.0215330701
vn -0.251110196 0.965844274 -0.0639409423
vn -0.251112103 0.965843916 -0.0639408231
vn -0.409970313 0.906105518 -0.104390897
vn -0.409966111 0.906107426 -0.104390897
vn -0.556298614 0.818820179 -0.141652405
vn -0.556305587 0.818815827 -0.1416509
vn -0.685658395 0.706676602 -0.174587697
vn -0.685659587 0.70667541 -0.174587697
vn -0.794154406 0.573087096 -0.202213496
vn -0.794147015 0.573095918 -0.2022167
vn -0.878477216 0.42218551 -0.223690093
vn -0.878473997 0.422191501 -0.223691493
vn -0.936128974 0.258535892 -0.238372698
vn -0.936138988 0.258509308 -0.238362506
vn -0.965402722 0.0870245025 -0.245813593
vn -0.965398371 0.0870478675 -0.245822698
vn -0.965400398 -0.0870237276 -0.245823205
vn -0.936123312 -0.0870656297 -0.340724111
vn -0.907752097 -0.25850141 -0.330398411
vn -0.907747805 -0.258531302 -0.330387205
vn -0.851841927 -0.42218551 -0.310039908
vn -0.851838112 -0.422193587 -0.310039401
vn -0.770070672 -0.573092401 -0.280278891
vn -0.770070314 -0.573091805 -0.280281097
vn -0.664863408 -0.706681013 -0.241989106
vn -0.664876223 -0.706665397 -0.241999507
vn -0.539436996 -0.818814576 -0.1963422
vn -0.539429724 -0.818820894 -0.196336493
vn -0.397534013 -0.906107903 -0.144690499
vn -0.397533089 -0.90610832 -0.144689396
vn -0.243498698 -0.965843678 -0.0886253119
vn -0.243496805 -0.965844214 -0.0886241123
vn -0.0819999501 -0.996185422 -0.0298451707
vn -0.0820013806 -0.996185303 -0.0298455898
vn 0.0819991827 -0.996185482 0.0298447609
vn 0.0820017979 -0.996185303 0.0298458301
vn 0.243503794 -0.965842187 0.0886279866
vn 0.243502393 -0.965842724 0.0886257812
vn 0.39754039 -0.906105101 0.144690007
vn 0.397542298 -0.906104088 0.144691199
vn 0.539422095 -0.818827271 0.196330398
vn 0.539445877 -0.818808019 0.196345598
vn 0.664879322 -0.706662178 0.242000207
vn 0.66486299 -0.706681728 0.241988197
vn 0.770064116 -0.57310158 0.280278414
vn 0.770060122 -0.573106885 0.280278593
vn 0.851845622 -0.4221735 0.310046285
vn 0.851837575 -0.422194511 0.310039699
vn 0.907752812 -0.258509189 0.330390811
vn 0.907753527 -0.258505106 0.330392092
vn 0.936124802 -0.087072067 0.340718299
vn 0.936124325 -0.0870478079 0.340725809
vn 0.936122179 0.0870734975 0.340725005
vn 0.936126828 0.0870462582 0.340719104
vn 0.907753706 0.258504391 0.330392092
vn 0.907752514 0.258509904 0.330390692
vn 0.851845801 0.422175795 0.310042709
vn 0.851838529 0.422189802 0.310043603
vn 0.770061314 0.573104918 0.280279189
vn 0.770064175 0.573101401 0.280278295
vn 0.664879203 0.706664503 0.241993994
vn 0.664864302 0.706678212 0.241994902
vn 0.539425015 0.818823576 0.196337894
vn 0.539442003 0.81881249 0.196337596
vn 0.397539705 0.90610528 0.144690305
vn 0.397543103 0.906103909 0.144690901
vn 0.243504405 0.965842128 0.0886266232
vn 0.243500799 0.965843022 0.088626802
vn 0.0819996521 0.996185422 0.0298453495
vn 0.0820016786 0.996185303 0.0298454091
vn -0.082001321 0.996185303 -0.0298454091
vn -0.0820000097 0.996185422 -0.0298454091
vn -0.243497804 0.965843976 -0.0886244103
vn -0.243498594 0.965843678 -0.0886253119
vn -0.397536188 0.906107008 -0.144690305
vn -0.397530913 0.906109273 -0.144689605
vn -0.539436281 0.818816006 -0.196338996
vn -0.539430678 0.818819523 -0.196339607
vn -0.664863229 0.706679404 -0.2419945
vn -0.664876699 0.706666708 -0.241994098
vn -0.770070612 0.573091686 -0.280280799
vn -0.770070612 0.57309252 -0.280279189
vn -0.851839602 0.422190309 -0.310039908
vn -0.851840377 0.422188908 -0.310039312
vn -0.907753527 0.258506805 -0.330390304
vn -0.907746315 0.258526087 -0.330395311
vn -0.936124206 0.0870530605 -0.340725005
vn -0.936122596 0.0870602727 -0.340727389
vn -0.936123371 -0.0870476291 -0.340728194
vn -0.897546589 -0.087036781 -0.432243794
vn -0.870333314 -0.258540213 -0.419138402
vn -0.870336115 -0.258527398 -0.419140399
vn -0.816733479 -0.422185898 -0.393326104
vn -0.81673038 -0.422198594 -0.393319011
vn -0.738338292 -0.5730865 -0.355567813
vn -0.738331974 -0.573097885 -0.355562598
vn -0.637484074 -0.706659019 -0.306996793
vn -0.637473404 -0.70667088 -0.306991786
vn -0.5172019 -0.818819523 -0.249072
vn -0.517198205 -0.818822503 -0.249069899
vn -0.381153405 -0.906107128 -0.183553606
vn -0.381143689 -0.906112671 -0.183546707
vn -0.2334629 -0.965844214 -0.112427898
vn -0.233468294 -0.965842187 -0.112434201
vn -0.0786213204 -0.996185422 -0.0378626511
vn -0.0786195323 -0.996185482 -0.0378615186
vn 0.0786225125 -0.996185303 0.0378628299
vn 0.0786218569 -0.996185303 0.0378623605
vn 0.233464494 -0.965843379 0.112432197
vn 0.233457804 -0.965845585 0.112427197
vn 0.381160498 -0.906103671 0.183556303
vn 0.381159186 -0.906104207 0.183556005
vn 0.517214596 -0.818809986 0.249076903
vn 0.517203689 -0.818820119 0.249066398
vn 0.637461007 -0.706687808 0.306978613
vn 0.637479126 -0.706667423 0.30698809
vn 0.738331795 -0.573102713 0.355555087
vn 0.738342226 -0.573082626 0.355566204
vn 0.816736281 -0.422187597 0.393318594
vn 0.816734374 -0.422189415 0.39332059
vn 0.8703444 -0.258504093 0.419137597
vn 0.870341778 -0.258518606 0.419133991
vn 0.897549629 -0.0870418474 0.432236612
vn 0.897549391 -0.0870422125 0.432237089
vn 0.897549272 0.0870429203 0.432237089
vn 0.897549629 0.0870410725 0.432236612
vn 0.87034452 0.258507311 0.419135302
vn 0.870341718 0.258515507 0.419136405
vn 0.816733479 0.422191799 0.393319905
vn 0.816737294 0.422185212 0.393319309
vn 0.738332927 0.57309711 0.355561912
vn 0.738340974 0.573088109 0.355559707
vn 0.637468278 0.706679583 0.306982487
vn 0.637472093 0.70667541 0.306984305
vn 0.517215788 0.818810701 0.249072194
vn 0.517202199 0.818819582 0.249071002
vn 0.381158292 0.906104803 0.183555394
vn 0.381159693 0.906104028 0.183556303
vn 0.233463794 0.965843797 0.112430103
vn 0.2334591 0.965844929 0.112429596
vn 0.0786214992 0.996185422 0.0378624685
vn 0.0786225721 0.996185184 0.0378625914
vn -0.0786219835 0.996185303 -0.0378624685
vn -0.0786190629 0.996185601 -0.0378618799
vn -0.233461902 0.965844214 -0.1124309
vn -0.233469605 0.965842307 -0.112431198
vn -0.381152004 0.906108379 -0.183550298
vn -0.381144911 0.906111479 -0.183549806
vn -0.517199278 0.818821609 -0.249070495
vn -0.51719898 0.818821728 -0.249070495
vn -0.637476921 0.706666887 -0.306993693
vn -0.637482226 0.706661224 -0.30699569
vn -0.738333404 0.573095202 -0.355563909
vn -0.738336802 0.573089302 -0.355566502
vn -0.816734374 0.422188401 -0.393321514
vn -0.816727996 0.422199696 -0.393322796
vn -0.870335817 0.258528411 -0.419140309
vn -0.870334506 0.258535206 -0.419138908
vn -0.897544682 0.0870619416 -0.4322429
vn -0.897551119 0.0870337412 -0.43223539
vn -0.897548974 -0.0870589018 -0.432234406
vn -0.850055277 -0.0870434567 -0.519451201
vn -0.824281871 -0.258542389 -0.503701806
vn -0.824284494 -0.258534312 -0.503701627
vn -0.773516119 -0.422194809 -0.472677886
vn -0.773513615 -0.422191113 -0.472685486
vn -0.699268997 -0.573083222 -0.427315503
vn -0.699258804 -0.573101521 -0.427307695
vn -0.603750706 -0.706657588 -0.368944794
vn -0.603735507 -0.706678629 -0.368929505
vn -0.489830703 -0.81882292 -0.299324214
vn -0.489831597 -0.818821192 -0.299327612
vn -0.360975593 -0.906112015 -0.220585197
vn -0.360987604 -0.906103611 -0.220599994
vn -0.221113503 -0.965842009 -0.135122493
vn -0.221107394 -0.965844572 -0.135114402
vn -0.0744602606 -0.996185422 -0.0455012284
vn -0.0744614005 -0.996185303 -0.0455022417
vn 0.0744614005 -0.996185303 0.0455025993
vn 0.0744609237 -0.996185303 0.04550194
vn 0.221107796 -0.965844393 0.135115206
vn 0.221104607 -0.965845227 0.135114104
vn 0.360989898 -0.906103671 0.220595703
vn 0.360988408 -0.906105518 0.220590904
vn 0.489826292 -0.818826675 0.299321502
vn 0.489840209 -0.818813622 0.299334109
vn 0.603736877 -0.706674516 0.368935108
vn 0.603738785 -0.706671178 0.368937999
vn 0.699268818 -0.573083401 0.427315712
vn 0.699261725 -0.573097408 0.42730841
vn 0.773518026 -0.422183514 0.472685009
vn 0.773515999 -0.422194391 0.472678393
vn 0.824286878 -0.258522689 0.503703475
vn 0.824288785 -0.258518606 0.503702581
vn 0.850056827 -0.0870437026 0.519448817
vn 0.850056171 -0.0870121717 0.519454896
vn 0.850053906 0.0870446488 0.519453406
vn 0.850059211 0.087011151 0.519450188
vn 0.824289203 0.25851649 0.503702879
vn 0.824286401 0.258524805 0.503703296
vn 0.773521423 0.422180712 0.472681791
vn 0.773512423 0.422197312 0.472681701
vn 0.699268997 0.573085129 0.427313
vn 0.69926399 0.573091626 0.427312493
vn 0.603736103 0.706674516 0.368936509
vn 0.603736818 0.706674516 0.368935108
vn 0.489827514 0.818824112 0.29932639
vn 0.489841789 0.818813801 0.299331009
vn 0.360995412 0.906101584 0.220595494
vn 0.360982597 0.906107724 0.220590994
vn 0.221104994 0.965844989 0.135114595
vn 0.221105903 0.965844929 0.135113806
vn 0.0744609237 0.996185303 0.0455023013
vn 0.0744609237 0.996185303 0.04550194
vn -0.0744600222 0.996185422 -0.0455016382
vn -0.0744619295 0.996185303 -0.0455019996
vn -0.221117496 0.965841293 -0.135120496
vn -0.221101806 0.965845704 -0.135115802
vn -0.360974908 0.906110585 -0.220592096
vn -0.360989898 0.906104088 -0.220594198
vn -0.489828706 0.818823576 -0.299325407
vn -0.489832103 0.818821728 -0.299325496
vn -0.603748977 0.706662595 -0.368937701
vn -0.60373503 0.706676006 -0.368935406
vn -0.699262679 0.573094606 -0.427310497
vn -0.699265003 0.573090315 -0.427312613
vn -0.773509622 0.422201186 -0.472683012
vn -0.773522913 0.422177702 -0.472682089
vn -0.824285507 0.258530587 -0.503701806
vn -0.824280798 0.258546203 -0.503701508
vn -0.850055814 0.0870340392 -0.519451976
vn -0.850054026 0.0870351121 -0.519454718
vn -0.850054502 -0.0870256424 -0.519455492
vn -0.794109523 -0.0870525166 -0.601508081
vn -0.770033181 -0.258540213 -0.583271801
vn -0.770032585 -0.258526891 -0.583278477
vn -0.722606421 -0.422188491 -0.547354519
vn -0.722614408 -0.422161788 -0.547364473
vn -0.653240323 -0.573092401 -0.494815499
vn -0.653239191 -0.573094487 -0.494814306
vn -0.564002693 -0.706671417 -0.427219599
vn -0.56399858 -0.706676006 -0.427217513
vn -0.45759359 -0.818818927 -0.346617401
vn -0.457588106 -0.818825185 -0.34661001
vn -0.33723101 -0.906104028 -0.255442709
vn -0.337226689 -0.906107008 -0.255437911
vn -0.206554607 -0.96584481 -0.156457901
vn -0.206558093 -0.965843379 -0.156461999
vn -0.0695598125 -0.996185422 -0.0526900217
vn -0.0695616603 -0.996185303 -0.0526909791
vn 0.0695595071 -0.996185422 0.0526896715
vn 0.0695589706 -0.996185482 0.0526891313
vn 0.206553802 -0.965844929 0.156458303
vn 0.206558198 -0.965843201 0.156463593
vn 0.337218404 -0.906110585 0.255435795
vn 0.337225705 -0.906105876 0.25544259
vn 0.457598299 -0.818813801 0.346623302
vn 0.4575921 -0.818822503 0.346611202
vn 0.564007521 -0.706668675 0.427217603
vn 0.564002097 -0.706675529 0.427213609
vn 0.65324831 -0.573083401 0.49481529
vn 0.653245807 -0.573084176 0.494817615
vn 0.722595394 -0.42221579 0.547348022
vn 0.722605884 -0.422181189 0.547360778
vn 0.770027816 -0.25853309 0.583282113
vn 0.770031214 -0.25851959 0.583283722
vn 0.794105709 -0.087007761 0.601519704
vn 0.794109881 -0.0870831609 0.601503313
vn 0.794115305 0.0870078206 0.601507008
vn 0.794100404 0.0870832801 0.601515889
vn 0.770031273 0.258518785 0.583283722
vn 0.770027578 0.258533806 0.583281994
vn 0.72259748 0.422203809 0.547354519
vn 0.722603917 0.42219311 0.5473544
vn 0.653244793 0.573086321 0.494816512
vn 0.653249323 0.573081315 0.494816393
vn 0.564004123 0.706672609 0.427215606
vn 0.564007878 0.706668496 0.427217394
vn 0.45760411 0.818812072 0.346620113
vn 0.457583696 0.818826675 0.346612304
vn 0.33722201 0.906108201 0.25543949
vn 0.337222487 0.906108201 0.255439013
vn 0.206555098 0.965844214 0.156461105
vn 0.206556007 0.965844214 0.156459793
vn 0.0695601702 0.996185422 0.0526900813
vn 0.0695587322 0.996185482 0.05268877
vn -0.0695609972 0.996185303 -0.0526909791
vn -0.0695595071 0.996185422 -0.0526896082
vn -0.206556395 0.965843916 -0.156460896
vn -0.206557795 0.965843678 -0.156460196
vn -0.337229788 0.906105101 -0.255440503
vn -0.337227404 0.906106114 -0.255440086
vn -0.457595199 0.818818808 -0.346615493
vn -0.457586288 0.818825483 -0.346611708
vn -0.564001501 0.706672072 -0.427219898
vn -0.563999593 0.70667541 -0.427217096
vn -0.653242886 0.573087811 -0.494817287
vn -0.653236508 0.573099196 -0.494812399
vn -0.722608089 0.422178805 -0.547359824
vn -0.722612679 0.422171295 -0.547359407
vn -0.770029187 0.258542508 -0.583275974
vn -0.770036697 0.258524388 -0.583274186
vn -0.794110179 0.0870404169 -0.601508975
vn -0.794106603 0.087051861 -0.601512074
vn -0.79410708 -0.0870397612 -0.601513028
vn -1 0 0
vn -1 0 9.48921013e-07
vn -1 0 -2.84633984e-06
vn -1 0 -9.48772083e-07
vn -1 0 8.53752044e-06
vn -1 0 -4.74311037e-06
vn -1 0 -7.11440975e-07
vn -1 0 3.20151003e-06
vn -1 0 9.48600018e-07
vn -1 0 -4.26903989e-06
vn -1 0 2.84604994e-06
vn -1 0 -2.84630005e-06
vn -1 0 -2.84645989e-06
vn -1 0 2.84680982e-06
vn -1 0 -1.89859998e-06
vn -1 0 1.89869002e-06
vn -1 0 -9.49468983e-07
vn -1 0 -2.84843986e-06
vn -1 0 4.74766011e-06
vn -1 0 2.84859993e-06
vn -1 0 -4.27313989e-06
vn -1 0 9.4954396e-07
vn -1 0 3.20472009e-06
vn -1 0 -7.12139013e-07
vn -1 0 2.84852013e-06
vn -1 0 -6.64595973e-06
vn -1 0 -9.49236039e-07
vn -1 0 2.84730004e-06
vn -1 0 -9.49081993e-07
vn 4.36172013e-05 0.669816911 0.742526293
vn 6.99952943e-05 0.185578704 -0.982629478
vn -0.000117683005 0.116929099 -0.99314028
vn -0.00104403403 0.0477498099 -0.998858929
vn -0.000153582994 0.0848070905 -0.996397376
vn -0.000437620998 0.253425807 -0.967354715
vn -0.000464418961 0.251982808 -0.967731714
vn 6.93531983e-05 0.185932904 -0.982562602
vn 6.99985976e-05 0.185500801 -0.9826442
vn -0.000580811989 0.40303269 -0.915185392
vn -0.00147277105 0.361251414 -0.932467401
vn -0.000233094994 0.411918908 -0.91122061
vn 7.74684959e-05 0.319823414 -0.947477281
vn 7.74740984e-05 0.319809705 -0.947481871
vn -9.3497998e-05 0.588245928 -0.808682203
vn -0.00101184798 0.529308796 -0.848428726
vn -0.000146930994 0.559944272 -0.828530312
vn 5.57092972e-05 0.467142791 -0.884181917
vn 5.57033018e-05 0.4674429 -0.884023428
vn 7.78899994e-05 0.736874402 -0.676029682
vn 7.74153959e-05 0.736825109 -0.676083505
vn -0.000490581966 0.691460609 -0.722414076
vn -0.000478836999 0.691953778 -0.72194171
vn 6.3129497e-05 0.644706726 -0.764430225
vn 6.31154981e-05 0.644390821 -0.7646963
vn 7.78938993e-05 0.736795127 -0.676116109
vn -0.000199224989 0.804000974 -0.594627976
vn -0.000830630015 0.78692472 -0.617048502
vn -0.000147467988 0.90562588 -0.424077511
vn 8.12989965e-05 0.932629824 -0.360834807
vn -0.00107508805 0.872813404 -0.488052905
vn -0.00113397802 0.871097624 -0.491108805
vn 1.40595002e-05 0.892920017 -0.450215608
vn 1.41151995e-05 0.831971526 -0.554818392
vn 8.1299695e-05 0.932687223 -0.360686511
vn -0.000427897961 0.956162512 -0.292836398
vn -0.000427895022 0.956161797 -0.292838812
vn -0.000274310994 0.993705809 -0.112021498
vn -0.00108259905 0.985972703 -0.166903093
vn -0.000222575996 0.991899729 -0.127023593
vn 7.46291989e-05 0.974435091 -0.224669501
vn 7.46071019e-05 0.97443682 -0.224661797
vn -0.000170548999 0.999871016 0.0160610005
vn 7.1677794e-05 0.998834193 -0.048273921
vn 7.16607974e-05 0.998846173 -0.0480229817
vn -0.000194102002 0.982326925 0.187173501
vn 7.1377799e-05 0.992209196 0.124583103
vn 7.11359971e-05 0.999098003 0.042464491
vn -0.00192028203 0.992250502 0.124239102
vn -0.000876581005 0.997508109 0.0705486536
vn -0.000211157982 0.919988871 0.391944408
vn -0.00120711303 0.945088029 0.326813608
vn -1.66984992e-05 0.927887201 0.372861385
vn 1.71414995e-05 0.977557421 0.210669607
vn -0.00190752698 0.958098888 0.286431611
vn -0.00103509403 0.968514323 0.248955801
vn -0.000558310945 0.856455624 0.51622051
vn -0.000380257989 0.851531804 0.524302781
vn 8.68675997e-05 0.890480697 0.455020994
vn 8.68498973e-05 0.890428007 0.455124199
vn 4.32665001e-05 0.75066638 0.660681486
vn -0.00123691501 0.716146529 0.697948873
vn -0.000993801048 0.72542882 0.688296616
vn -7.94135995e-05 0.774279475 0.632843912
vn 5.52960009e-05 0.817448318 0.576002121
vn 5.52616002e-05 0.817490578 0.57594198
vn 2.27056989e-05 0.487690091 0.873017013
vn -0.001258909 0.443964988 0.896043181
vn -0.00017408299 0.508704185 0.86094141
vn 4.12861991e-05 0.559486628 0.828839421
vn 8.66859991e-05 0.628223479 0.778033018
vn -0.00210106303 0.560489714 0.828158915
vn -0.000747360988 0.610648811 0.79190129
vn -8.94624009e-06 0.376431793 0.926444411
vn -1.00377001e-05 0.376287699 0.926503003
vn -0.000268650998 0.184552401 0.982822716
vn 9.55908909e-05 0.253644198 0.967297614
vn 9.52268019e-05 0.33314389 0.942876101
vn -0.00204414106 0.253915697 0.967224181
vn -0.00076023303 0.314976305 0.949099302
vn -1.33727999e-05 0.0668996498 0.997759819
vn 7.51430998e-05 0.168973193 0.985620677
vn -0.00139307894 0.114678897 0.993401706
vn -0.000269130978 0.184522003 0.982828379
vn -0.000234174004 0.0195661094 0.999808609
vn 7.10910972e-05 0.0424873792 0.99909699
vn 6.33336022e-05 0.0196971204 0.999806106
vn -8.06543976e-05 -0.0424517319 0.999098599
vn -2.29136981e-06 -0.0498115383 0.998758674
vn -4.42793971e-05 -0.227791697 0.973709881
vn -0.00023796501 -0.187708706 0.982224822
vn -0.000237318993 -0.187735096 0.982219577
vn -0.000530876976 -0.168981001 0.985619128
vn 2.50975995e-06 -0.118857399 0.992911279
vn 7.65860968e-05 -0.398898214 0.916995227
vn -0.000438207004 -0.334292412 0.942469418
vn -0.000460153999 -0.333145708 0.942875326
vn 7.60736948e-05 -0.267142802 0.963656902
vn 7.6076496e-05 -0.267039806 0.963685572
vn -0.000143853991 -0.516621709 0.856213808
vn -0.000872395001 -0.462814897 0.886454582
vn -0.000237582994 -0.487691611 0.873015881
vn 7.84801014e-05 -0.399363995 0.916792512
vn 7.84861986e-05 -0.399356306 0.916795909
vn -0.000420969009 -0.629178286 0.777261019
vn -0.00173789205 -0.570663214 0.821182489
vn 9.12575997e-05 -0.628220618 0.778035283
vn 9.15497003e-05 -0.570394099 0.821371078
vn -0.000178067989 -0.772119522 0.635477304
vn -0.000713365967 -0.737107515 0.67577517
vn -0.000712412933 -0.737163007 0.675714672
vn -0.000284673995 -0.750667274 0.660680413
vn 9.50239992e-05 -0.684709609 0.728815973
vn 9.50403919e-05 -0.684825778 0.728706777
vn -0.000365648011 -0.849282384 0.527938902
vn 0.000109449 -0.805911481 0.592036307
vn 0.000109442997 -0.805876076 0.592084229
vn -0.000263130001 -0.936626971 0.350328505
vn -0.000697838026 -0.920044005 0.391814709
vn -0.00027012499 -0.927885771 0.372864306
vn 9.54694988e-05 -0.887143672 0.461493313
vn 9.52388e-05 -0.851528525 0.524308324
vn -0.00170266605 -0.88754791 0.460712403
vn -0.00170469203 -0.887548923 0.460710496
vn 5.69254989e-05 -0.993395329 0.114742801
vn -0.000112989997 -0.98392117 0.1786035
vn -0.000953322975 -0.969502628 0.245079294
vn -0.000167797989 -0.977558076 0.210666105
vn 5.95981001e-05 -0.950304389 0.311322302
vn 5.95794991e-05 -0.950190723 0.311669409
vn 5.69369986e-05 -0.993399501 0.114706598
vn -0.000392166985 -0.999097884 0.0424646102
vn -0.000568316958 -0.998636782 0.05219578
vn 2.63717993e-06 -0.997223318 -0.0744699836
vn 2.66444999e-06 -0.999936998 -0.0112286201
vn -5.38654967e-05 -0.967787921 -0.251767308
vn 0.000129830005 -0.991899788 -0.127022907
vn -0.00148063805 -0.98203373 -0.188699707
vn -0.000534577994 -0.991224587 -0.132187694
vn -0.000247007993 -0.900181115 -0.435516
vn 7.23466001e-05 -0.92746067 -0.373920709
vn 7.20414027e-05 -0.95616281 -0.292835802
vn -0.00202047802 -0.927686512 -0.373354793
vn -0.000742800999 -0.949593902 -0.313482314
vn 3.28765018e-05 -0.831487298 -0.55554378
vn 3.2848402e-05 -0.892921209 -0.450213313
vn -0.00133490504 -0.866698921 -0.498829901
vn 0.000106563995 -0.691956401 -0.721939385
vn -0.00184637296 -0.63420397 -0.773163617
vn -0.000434301997 -0.691393375 -0.722478271
vn 5.33629973e-05 -0.739897072 -0.672720075
vn 5.51844969e-05 -0.740215123 -0.672370315
vn 5.48614007e-05 -0.804000795 -0.594628394
vn -0.00243902206 -0.740760326 -0.671765029
vn -0.000897474005 -0.784800112 -0.619748294
vn -0.000251035992 -0.572528422 -0.819884777
vn -0.000253668986 -0.572467208 -0.819927573
vn 0.000106943997 -0.633559704 -0.7736938
vn -0.00078386598 -0.390670389 -0.920530379
vn 7.27581983e-06 -0.456639588 -0.889651775
vn -1.88715003e-05 -0.559952199 -0.828525007
vn -0.00136095204 -0.515316427 -0.85699898
vn 9.10693998e-05 -0.175037503 -0.984561801
vn 9.10694944e-05 -0.175127894 -0.984545827
vn -0.000212405983 -0.251987487 -0.967730522
vn -0.00193446805 -0.175503597 -0.984476984
vn -0.000472020009 -0.248629794 -0.968598604
vn 9.24997003e-05 -0.32221961 -0.946664929
vn 9.20366001e-05 -0.411914796 -0.911222517
vn -0.00238120509 -0.322521597 -0.94655931
vn -0.000787560944 -0.390427887 -0.920633316
vn 1.29157997e-05 0 -1
vn -1.64045996e-05 -0.0848072097 -0.996397376
vn -0.00128084398 -0.0354728103 -0.999369919
vn -0.000217979992 -0.105588302 -0.994409978
vn 0.990578413 -0.135613203 -0.0190659091
vn 0.990575075 -0.135637596 -0.0190666895
vn 0.996194005 -0.0864044428 -0.0114851501
vn 0.999350786 -0.0352918506 -0.0072507849
vn 0.999976873 -0.000414449023 -0.00678974297
vn 0.999631286 0.0262824204 -0.00683438685
vn 0.996888876 0.0781214237 -0.01046794
vn 0.991592824 0.128201306 -0.0175526105
vn 0.991593003 0.128199801 -0.0175552294
vn 0.972842813 0.227394193 -0.0432290398
vn 0.991552293 0.128507704 -0.0176070891
vn 0.983398497 0.179201394 -0.02853477
vn 0.972893476 0.227191702 -0.0431523286
vn 0.961258173 0.269116402 -0.0596584603
vn 0.962499797 0.251680493 -0.101247601
vn 0.950939715 0.286169708 -0.117561802
vn 0.929439604 0.337355405 -0.149443895
vn 0.940196514 0.313456208 -0.133326396
vn 0.96098882 0.256549001 0.103359997
vn 0.949875772 0.289054096 0.119095899
vn 0.92989099 0.336420387 0.148741707
vn 0.939849198 0.314272106 0.133852795
vn 0.904390275 0.426704109 0.00135224999
vn 0.881600797 0.471995503 -0.000472311949
vn 0.858849287 0.512226403 0.001487553
vn 0.83628118 0.548237205 -0.00834351685
vn 0.856184602 0.516665518 -0.00220918609
vn 0.879761279 0.475415498 0.000562641013
vn 0.879756093 0.475425303 0.000562740956
vn 0.903661609 0.428245515 -0.00134926999
vn 0.897534609 0.440944105 -1.04395997e-06
vn 0.996354818 0.0853062794 0.000301352004
vn 0.833302379 0.552817404 -0.000516827975
vn 0.815764904 0.578383327 0.000770858955
vn 0.799000502 0.601321876 0.00318193389
vn 0.798969209 0.601363599 0.00318753696
vn 0.771157384 0.636516929 -0.01274639
vn 0.809467912 0.587163091 -0.00115221704
vn 0.786754489 0.617233872 -0.00630974723
vn 0.858803213 0.51230371 0.00149577798
vn 0.836874306 0.547353029 0.00679808808
vn 0.859648824 0.510885477 -9.8765202e-05
vn 0.845144093 0.534538507 -9.87240928e-05
vn 0.831650972 0.555298507 0.000360132981
vn 0.831717789 0.555198371 0.000362803985
vn 0.746377826 0.665522277 -0.000438104005
vn 0.847150326 0.516768396 0.123640798
vn 0.826713026 0.553981185 0.0982376933
vn 0.728671074 0.684863925 -3.46417983e-05
vn 0.709988117 0.704193592 0.00532603217
vn 0.710004508 0.70417732 0.0053118458
vn 0.70357281 0.710572302 0.00850951578
vn 0.663048685 0.748576403 -2.62032972e-05
vn 0.705878615 0.708330512 0.00180113304
vn 0.702966213 0.711172998 0.00845748093
vn 0.702198207 0.711916924 0.00959897041
vn 0.687169909 0.726483226 0.0044537778
vn 0.7026968 0.7114169 -0.0101620499
vn 0.704506516 0.709655523 -0.00772804022
vn 0.675006926 0.737809777 -0.00159525801
vn 0.721365571 0.692550898 -0.00222313404
vn 0.707066417 0.707116783 -0.00655919313
vn 0.757287502 0.651965201 -0.0381733105
vn 0.778813422 0.627180576 0.00971359015
vn 0.763401985 0.645679116 0.0177749302
vn 0.792140603 0.610338807 -1.82052991e-05
vn 0.758380473 0.651812077 -0.000169447987
vn 0.732354879 0.680923104 0.000209157981
vn 0.833792388 0.5416556 -0.106769197
vn 0.961022913 0.256439507 0.103313804
vn 0.980928779 0.191708893 0.0320386216
vn 0.986023128 0.164645106 0.0255046394
vn 0.960210979 0.269908398 0.0717231035
vn 0.970906377 0.235004902 0.0459727608
vn 0.980937004 0.191667706 0.0320333205
vn 0.990350127 0.137248099 0.0192276202
vn 0.990374207 0.137079194 0.0191953108
vn 0.999872684 -0.0145592596 0.00654530479
vn 0.99986577 -0.0150156599 0.0065442319
vn 0.999288499 0.0370032117 0.0072987671
vn 0.996075928 0.0877462029 0.01155579
vn 0.996349275 -0.0846248195 0.0112548396
vn 0.998739421 -0.0494774505 0.00845551398
vn 0.990695596 -0.134780705 0.0188836399
vn 0.99067831 -0.134904295 0.0189082604
vn 0.964193821 -0.256788492 0.0662571117
vn 0.974243224 -0.219344795 0.0523275696
vn 0.982752383 -0.182523295 0.0297175609
vn 0.982762992 -0.182467595 0.0297083203
vn 0.953284383 -0.279556006 0.1144436
vn 0.941395521 -0.310530096 0.131703198
vn 0.964841306 -0.243799895 0.0981986523
vn 0.931798398 -0.332186401 0.146301299
vn 0.960390329 -0.258346587 -0.104439601
vn 0.937594712 -0.319428891 -0.137409702
vn 0.948987901 -0.291310489 -0.120665997
vn 0.949014008 -0.291245103 -0.120618001
vn 0.897601008 -0.440809011 -0.000370861992
vn 0.875473976 -0.4832654 0.000272153004
vn 0.87533772 -0.483512312 0.000270996999
vn 0.856312573 -0.516451001 -0.00266999006
vn 0.996550024 -0.0829939768 0.000352058996
vn 0.896531701 -0.442979693 -0.000138834002
vn 0.908171296 -0.4185929 0.0021939869
vn 0.889037311 -0.457834691 -0.000403430982
vn 0.833527505 -0.552478075 -5.90522977e-05
vn 0.844007492 -0.536331415 -0.000303543988
vn 0.866497219 -0.499182105 0.000359788974
vn 0.865045488 -0.501693308 0.00064553495
vn 0.834517419 -0.550978899 -0.00174909795
vn 0.807342708 -0.590083003 0.000454036985
vn 0.782487392 -0.622665584 -0.00108790305
vn 0.790368676 -0.612631321 0.000562145957
vn 0.833616793 -0.552343309 -5.89631964e-05
vn 0.823451698 -0.56738621 -0.000465955003
vn 0.841040313 -0.540960312 0.00363856507
vn 0.814106107 -0.580716074 -0.000272253994
vn 0.765473425 -0.643467724 -0.000101468999
vn 0.766566575 -0.642164826 -0.000239385001
vn 0.79026252 -0.612768173 0.000392618967
vn 0.790496409 -0.612466574 0.000342920976
vn 0.790408015 -0.612580717 0.000348288013
vn 0.759733677 -0.650223017 -0.00383996894
vn 0.741924524 -0.669878602 -0.02847456
vn 0.699040174 -0.715072572 -0.00372433593
vn 0.715105116 -0.699017107 -7.35731956e-05
vn 0.728893578 -0.68462652 0.00084751501
vn 0.825161219 -0.556559384 -0.0966997668
vn 0.671429992 -0.741067529 -0.000893204939
vn 0.696210623 -0.717817307 -0.00542175723
vn 0.695395887 -0.718586385 -0.00763142109
vn 0.696456373 -0.717571676 -0.00627183914
vn 0.689325929 -0.724431515 0.00538587477
vn 0.694129229 -0.719849229 0.00136655499
vn 0.663299978 -0.748353601 -4.95929999e-06
vn 0.663471699 -0.74820137 -7.64156994e-06
vn 0.844999015 -0.520914614 0.120932899
vn 0.757496178 -0.652839601 0.000259021996
vn 0.741012514 -0.671491325 0.000105709005
vn 0.745236278 -0.666800201 0.000755785964
vn 0.733928323 -0.679226875 -0.000323788001
vn 0.694126308 -0.719138324 -0.0320760608
vn 0.691703618 -0.722157419 0.00590187311
vn 0.713432312 -0.700592875 0.0135620199
vn 0.691187501 -0.722663701 0.00414407207
vn 0.699569821 -0.714560628 0.00229382492
vn 0.709389389 -0.704816818 0.000392786984
vn 0.728661478 -0.684684098 0.0161321107
vn 0.973223329 -0.225809902 -0.0429692194
vn 0.990576208 -0.135628894 -0.0190678202
vn 0.982771516 -0.182420596 -0.0297172591
vn 0.966418386 -0.251462609 -0.0529346392
vn 0.97315979 -0.226064995 -0.0430675708
vn -1 0 9.48912032e-07
vn -1 0 -2.84638008e-06
vn -1 0 -9.48771003e-07
vn -1 0 8.53746951e-06
vn -1 0 -4.7428598e-06
vn -1 0 -7.11443022e-07
vn -1 0 3.20152003e-06
vn -1 0 9.48655043e-07
vn -1 0 -4.26879978e-06
vn -1 0 2.84619e-06
vn -1 0 -2.84616999e-06
vn -1 0 -2.84656994e-06
vn -1 0 2.8467e-06
vn -1 0 -1.89860998e-06
vn -1 0 1.89870002e-06
vn -1 0 -9.49433058e-07
vn -1 0 -2.84855014e-06
vn -1 0 4.74744002e-06
vn -1 0 2.84874e-06
vn -1 0 -4.27289024e-06
vn -1 0 9.49600064e-07
vn -1 0 3.20473009e-06
vn -1 0 -7.12141002e-07
vn -1 0 2.84836005e-06
vn -1 0 -6.64592972e-06
vn -1 0 -9.49234959e-07
vn -1 0 2.84733005e-06
vn -1 0 -9.49073012e-07
vn 4.35396978e-05 0.669865727 0.742482305
vn 6.99964003e-05 0.185852006 -0.982577801
vn -0.000118390999 0.117017798 -0.993129909
vn -0.00104731298 0.0476069413 -0.998865724
vn -0.000153977002 0.0848255083 -0.996395826
vn -0.000436824979 0.253488988 -0.967338204
vn -0.000465638994 0.251956791 -0.967738271
vn 6.90051966e-05 0.185686395 -0.982609093
vn 6.99964003e-05 0.185409397 -0.982661426
vn -0.000578931009 0.403052211 -0.915176809
vn -0.00146442605 0.36170119 -0.932292879
vn -0.000233344996 0.41189611 -0.911230922
vn 7.72478015e-05 0.319636405 -0.947540283
vn 7.72439016e-05 0.31981799 -0.947479129
vn -9.50844915e-05 0.588189721 -0.808722973
vn -0.00101029803 0.529416203 -0.848361611
vn -0.000146931998 0.560000598 -0.828492224
vn 5.57111998e-05 0.467084914 -0.884212494
vn 5.57091989e-05 0.46726501 -0.884117305
vn 7.78065005e-05 0.73690629 -0.675994873
vn 7.75511944e-05 0.736825109 -0.676083505
vn -0.000490678009 0.69144088 -0.722432911
vn -0.000479640992 0.691925585 -0.72196871
vn 6.30324939e-05 0.644599915 -0.764520228
vn 6.30458017e-05 0.644661188 -0.764468491
vn 7.78308022e-05 0.736717224 -0.676201105
vn -0.000199372007 0.804023087 -0.594598174
vn -0.000831605983 0.786909997 -0.617067397
vn -0.000147733997 0.905593574 -0.424146712
vn 8.1811304e-05 0.932688713 -0.360682607
vn -0.00107169105 0.872921824 -0.4878591
vn -0.00113570597 0.871043801 -0.491203994
vn 1.41042992e-05 0.892911017 -0.45023331
vn 1.42111985e-05 0.832013428 -0.554755628
vn 8.18254994e-05 0.932694972 -0.360666186
vn -0.000427603984 0.956166983 -0.292821705
vn -0.000427886989 0.956163526 -0.292833
vn -0.000274399994 0.993703902 -0.112039298
vn -0.00108188298 0.985978782 -0.166867703
vn -0.000222759001 0.991898596 -0.127032295
vn 7.46282967e-05 0.974411726 -0.224770695
vn 7.46065998e-05 0.974437177 -0.224660099
vn -0.000170552987 0.999871016 0.01606136
vn 7.1648501e-05 0.998834312 -0.0482725501
vn 7.16612994e-05 0.998846292 -0.0480233394
vn -0.000194379987 0.9823277 0.187169299
vn 7.13750997e-05 0.992215216 0.124535598
vn 7.11365938e-05 0.999098003 0.0424648486
vn -0.00192040205 0.992249727 0.124244802
vn -0.000876521925 0.997508407 0.0705439374
vn -0.000211194987 0.919992208 0.39193669
vn -0.00120782806 0.94510138 0.326775014
vn -1.67418002e-05 0.927894294 0.372843295
vn 1.71242991e-05 0.977557778 0.210667804
vn -0.001911878 0.95805192 0.286588609
vn -0.00103557098 0.968511522 0.248966798
vn -0.000558843953 0.856484115 0.516173184
vn -0.000379531004 0.851531804 0.524302781
vn 8.68579955e-05 0.890458107 0.455065399
vn 8.68568968e-05 0.890408993 0.455161303
vn 4.31801964e-05 0.75064683 0.660703778
vn -0.00123959698 0.715997577 0.69810158
vn -0.000993742957 0.725467324 0.688256025
vn -7.82209972e-05 0.774330378 0.632781625
vn 5.62110981e-05 0.81746757 0.575974584
vn 5.6180801e-05 0.817442417 0.576010406
vn 2.20835991e-05 0.487704009 0.873009205
vn -0.001257658 0.444034815 0.89600867
vn -0.000175818001 0.508597076 0.861004591
vn 4.15042996e-05 0.559904575 0.828557193
vn -0.00210177805 0.560417473 0.828207672
vn -0.000749699015 0.610593975 0.791943371
vn -9.59372028e-06 0.376467109 0.926430106
vn -1.06958996e-05 0.376308113 0.926494718
vn -0.000269730983 0.184452996 0.982841313
vn 9.42090992e-05 0.253494114 0.967337012
vn 9.38792946e-05 0.333127499 0.942881823
vn -0.00204664399 0.253856003 0.967239916
vn -0.000760682975 0.31505549 0.949073017
vn -1.33500998e-05 0.0665233731 0.997784972
vn 7.54407956e-05 0.169045001 0.98560828
vn -0.00139415194 0.114703096 0.993398905
vn -0.000268411997 0.184666902 0.98280108
vn -0.000232526989 0.0197046306 0.999805808
vn 7.08364023e-05 0.0424135886 0.999100208
vn 6.29889983e-05 0.0196971204 0.999806106
vn -8.01896967e-05 -0.0424332581 0.999099314
vn -1.33617993e-06 -0.0498115383 0.998758674
vn -4.85443961e-05 -0.227145702 0.9738608
vn -0.000236840002 -0.187867001 0.982194602
vn -0.000237457978 -0.187829807 0.982201576
vn -0.000531055033 -0.169043899 0.985608518
vn 3.45734998e-06 -0.1188315 0.992914498
vn 8.06812968e-05 -0.399899513 0.916558981
vn -0.000440480973 -0.334153295 0.942518711
vn -0.000460468989 -0.333129287 0.942881107
vn 7.46973965e-05 -0.267207414 0.963639081
vn 7.47000959e-05 -0.267070889 0.963676929
vn -0.000145104001 -0.516663611 0.856188595
vn -0.000874888035 -0.462730497 0.88649857
vn -0.000237829983 -0.487705499 0.873008072
vn 7.80513001e-05 -0.399338305 0.916803718
vn 7.80486007e-05 -0.399194002 0.916866601
vn -0.000420217984 -0.629278421 0.777180016
vn -0.00173914398 -0.570671618 0.821176589
vn 9.00668965e-05 -0.628215075 0.778039694
vn 9.0297297e-05 -0.570373118 0.821385801
vn -0.000179117997 -0.771951616 0.63568151
vn -0.00071091298 -0.737235188 0.675635874
vn -0.000712421956 -0.73715502 0.675723314
vn -0.000285574992 -0.750639915 0.660711586
vn 9.38453013e-05 -0.684649289 0.728872716
vn 9.38505982e-05 -0.684700429 0.728824675
vn -0.000365554995 -0.849271417 0.527956426
vn 0.000110394001 -0.805851579 0.592117727
vn 0.000110392997 -0.805970728 0.591955602
vn -0.000261073001 -0.936710715 0.350104511
vn -0.000698900956 -0.920024395 0.391860515
vn -0.000269654993 -0.927894413 0.372843087
vn 9.54051939e-05 -0.887234628 0.461318702
vn 9.51687034e-05 -0.851533473 0.524300516
vn -0.00170278503 -0.887535214 0.460736811
vn -0.001704633 -0.887555122 0.460698396
vn 5.67571005e-05 -0.99338901 0.114797197
vn -0.000112909991 -0.983926117 0.178576797
vn -0.000953732 -0.969503224 0.245076895
vn -0.000168101993 -0.977558076 0.210666105
vn 5.95955971e-05 -0.950227022 0.311558396
vn 5.95778984e-05 -0.950193405 0.311660886
vn 5.67909992e-05 -0.9934026 0.1146795
vn -0.000392171001 -0.999098003 0.0424649715
vn -0.000568440999 -0.998636425 0.0522029884
vn 2.63759989e-06 -0.997222424 -0.0744817778
vn 2.64135997e-06 -0.999937117 -0.0112273004
vn -5.38642962e-05 -0.967789292 -0.251761705
vn 0.000129804001 -0.991898775 -0.127030596
vn -0.00148046005 -0.982032299 -0.188707396
vn -0.000534332998 -0.991225302 -0.132182807
vn -0.000247368007 -0.900157511 -0.435564488
vn 7.22787008e-05 -0.92746383 -0.373913109
vn 7.20035969e-05 -0.956167281 -0.292821109
vn -0.00201809406 -0.927726328 -0.373255908
vn -0.000742734992 -0.949596822 -0.313473493
vn 3.2121301e-05 -0.831435204 -0.555621922
vn 3.22279993e-05 -0.892913878 -0.45022741
vn -0.00133317697 -0.866724014 -0.498786211
vn 0.000106480999 -0.69192338 -0.721970975
vn -0.00184535899 -0.634194314 -0.773171723
vn -0.000435044989 -0.691337228 -0.722532094
vn 5.63760987e-05 -0.740207672 -0.672378421
vn 5.51187986e-05 -0.740042925 -0.672559679
vn 5.48062962e-05 -0.804022908 -0.594598472
vn -0.00242942502 -0.741059601 -0.671434879
vn -0.00089733291 -0.784812629 -0.619732618
vn -0.000251129008 -0.57265228 -0.81979841
vn -0.000255772989 -0.572268009 -0.820066571
vn 0.000106847998 -0.633779526 -0.773513794
vn -0.000784020987 -0.390556693 -0.920578599
vn 8.74808029e-06 -0.456676096 -0.889633119
vn 8.66086975e-06 -0.559998214 -0.828493893
vn -0.00138652301 -0.513947129 -0.857820809
vn 9.02468018e-05 -0.175037503 -0.984561801
vn 9.02460015e-05 -0.175197303 -0.984533429
vn -0.000213076986 -0.251953006 -0.967739522
vn -0.00193434895 -0.175482407 -0.984480679
vn -0.000470987987 -0.248652905 -0.968592584
vn 9.14881966e-05 -0.32201001 -0.946736276
vn 9.10586969e-05 -0.411899507 -0.911229312
vn -0.00237554288 -0.322681993 -0.946504474
vn -0.00078171998 -0.390730709 -0.920504808
vn 1.25569995e-05 0 -1
vn -1.67685994e-05 -0.0848255679 -0.996395826
vn -0.00128310896 -0.0353797004 -0.999373078
vn -0.000218567991 -0.105634399 -0.994404972
vn 0.990577698 -0.135618195 -0.0190668106
vn 0.990576029 -0.135630995 -0.0190656092
vn 0.996194124 -0.0864031911 -0.0114849797
vn 0.999350727 -0.0352928005 -0.0072507849
vn 0.999976873 -0.000414447015 -0.00678974297
vn 0.999631226 0.0262829605 -0.00683438685
vn 0.996888995 0.078120701 -0.0104678199
vn 0.991592884 0.128201202 -0.0175525509
vn 0.991592884 0.128200695 -0.0175552294
vn 0.97284019 0.227404803 -0.0432319604
vn 0.991552472 0.128506005 -0.0176070295
vn 0.983398914 0.179200098 -0.0285344105
vn 0.972897112 0.227177396 -0.0431483909
vn 0.961261511 0.269105703 -0.0596529208
vn 0.962497413 0.25168851 -0.101251401
vn 0.950940013 0.286168814 -0.1175621
vn 0.929439902 0.3373546 -0.149444193
vn 0.940458596 0.312844306 -0.132913798
vn 0.960990429 0.256543905 0.103357203
vn 0.949872017 0.289064497 0.1191011
vn 0.929891288 0.33641991 0.148741603
vn 0.939850211 0.314269602 0.133851796
vn 0.904390216 0.426704198 0.00135219004
vn 0.881600201 0.471996903 -0.00047230901
vn 0.858848691 0.512227297 0.00148761203
vn 0.836284816 0.548232019 -0.00834250357
vn 0.856185377 0.516663909 -0.00220918609
vn 0.879760981 0.475416005 0.000562648987
vn 0.879755795 0.475425601 0.000562747999
vn 0.903661609 0.428245187 -0.00134926999
vn 0.897534907 0.440943509 -1.04395997e-06
vn 0.996354818 0.0853062198 0.000301352004
vn 0.833302081 0.552817702 -0.000516830012
vn 0.815765381 0.578382373 0.000770885963
vn 0.798999906 0.601322889 0.00318187405
vn 0.798969328 0.60136342 0.00318771601
vn 0.771157503 0.636516929 -0.01274567
vn 0.809468806 0.58716172 -0.00115221704
vn 0.786756217 0.617231786 -0.00630992604
vn 0.858802795 0.512304306 0.00149577798
vn 0.83687228 0.547356009 0.00679796888
vn 0.859648883 0.510885477 -9.87650928e-05
vn 0.845143914 0.534538925 -9.87240928e-05
vn 0.831653476 0.555294991 0.000360127975
vn 0.831719995 0.555195272 0.000362792984
vn 0.746382475 0.665517092 -0.000438091985
vn 0.847436309 0.516202509 0.1240438
vn 0.826314807 0.554668605 0.0977071524
vn 0.728673875 0.684860826 -3.46410998e-05
vn 0.709979892 0.704201818 0.00532597303
vn 0.710021794 0.704159617 0.0053135748
vn 0.703573227 0.710571885 0.00850945711
vn 0.663039029 0.748584807 -2.62008998e-05
vn 0.705884695 0.708324492 0.00180119195
vn 0.702972591 0.71116668 0.00845563412
vn 0.702198327 0.711916804 0.00959879067
vn 0.68713057 0.7265203 0.00446242001
vn 0.702687204 0.711426377 -0.0101622296
vn 0.704504192 0.709657788 -0.0077286358
vn 0.675064325 0.737757206 -0.00159609294
vn 0.721361697 0.69255501 -0.00222295499
vn 0.707066476 0.707116783 -0.00655931188
vn 0.757398903 0.651835382 -0.0381789207
vn 0.792139828 0.61033982 -1.82052991e-05
vn 0.75838691 0.651804805 -0.000169445993
vn 0.732353985 0.680924118 0.000209161997
vn 0.833731115 0.541765988 -0.106687099
vn 0.961017907 0.256455392 0.103321597
vn 0.980928779 0.191708893 0.0320382714
vn 0.986019313 0.164667293 0.0255101901
vn 0.960226893 0.269857287 0.0717029497
vn 0.970905006 0.235010594 0.0459749103
vn 0.980937719 0.191664204 0.0320323706
vn 0.990350604 0.137244999 0.0192268994
vn 0.990374327 0.137077793 0.0191950705
vn 0.999872625 -0.01455855 0.00654530479
vn 0.99986577 -0.0150185199 0.0065442319
vn 0.999288499 0.0370032713 0.00729882717
vn 0.996075809 0.0877465606 0.0115558496
vn 0.996349394 -0.0846244022 0.0112548396
vn 0.998739302 -0.0494799614 0.00845569279
vn 0.990696013 -0.134778306 0.0188832805
vn 0.990678012 -0.134905607 0.0189085603
vn 0.964194596 -0.25678581 0.0662567019
vn 0.974243522 -0.2193432 0.0523268506
vn 0.982752025 -0.182525501 0.0297180396
vn 0.982762098 -0.182472199 0.0297091603
vn 0.953288019 -0.279545486 0.114439704
vn 0.941389203 -0.310545594 0.131712005
vn 0.964842021 -0.2437976 0.0981979296
vn 0.931822479 -0.332134396 0.146265507
vn 0.960391283 -0.258343488 -0.104438603
vn 0.937601388 -0.319413602 -0.137399897
vn 0.948986828 -0.291316301 -0.120660901
vn 0.949007273 -0.291262805 -0.120627999
vn 0.897601008 -0.440808713 -0.000370861002
vn 0.875474572 -0.483263999 0.000272156001
vn 0.875337422 -0.48351261 0.000271000987
vn 0.996550024 -0.0829939768 0.000352060975
vn 0.896531522 -0.4429802 -0.000138834992
vn 0.908172011 -0.41859141 0.0021939869
vn 0.889036596 -0.457836002 -0.000403426966
vn 0.833527207 -0.552478492 -5.90517993e-05
vn 0.84400779 -0.536330879 -0.000303542998
vn 0.86649698 -0.499182194 0.000359788974
vn 0.865044773 -0.501694202 0.000645524007
vn 0.834515214 -0.550982118 -0.00174909795
vn 0.807342172 -0.59008342 0.000454029971
vn 0.782486379 -0.622666717 -0.00108784402
vn 0.790368915 -0.612631023 0.000562145957
vn 0.833617806 -0.5523417 -5.89626979e-05
vn 0.823452175 -0.567385375 -0.000465951016
vn 0.841038227 -0.540963709 0.00363856507
vn 0.814106226 -0.580716014 -0.000272259
vn 0.765474916 -0.643465817 -0.000101468999
vn 0.766566396 -0.642165005 -0.000239386005
vn 0.79049772 -0.612464905 0.000342930987
vn 0.790405929 -0.612583399 0.000348293979
vn 0.759744287 -0.650210679 -0.00384044601
vn 0.742043376 -0.669746578 -0.0284791496
vn 0.699044585 -0.7150684 -0.00372451497
vn 0.715101421 -0.699020803 -7.35755966e-05
vn 0.728893101 -0.684626997 0.000847544929
vn 0.824837923 -0.557107329 -0.0963008404
vn 0.671434522 -0.741063476 -0.000893094984
vn 0.696198523 -0.717828929 -0.00542229414
vn 0.695388675 -0.718593419 -0.00762993004
vn 0.696456075 -0.717571974 -0.00627434207
vn 0.689305484 -0.724450827 0.0053858161
vn 0.694141209 -0.719837606 0.00136655499
vn 0.66332978 -0.748327076 -4.95918994e-06
vn 0.663532615 -0.748147428 -7.64085962e-06
vn 0.845041513 -0.520849228 0.1209177
vn 0.757497013 -0.652838707 0.000259021996
vn 0.741011679 -0.671492219 0.000105709005
vn 0.745231628 -0.666805327 0.00075575395
vn 0.733931124 -0.679223895 -0.000323785993
vn 0.694076002 -0.719189227 -0.0320227109
vn 0.691780686 -0.722083628 0.00589549495
vn 0.713379383 -0.700646877 0.0135562997
vn 0.691189587 -0.722661614 0.00414389279
vn 0.699569106 -0.714561403 0.00229418208
vn 0.709387004 -0.704819202 0.000392785994
vn 0.728636086 -0.684711576 0.0161126796
vn 0.973222673 -0.225812003 -0.0429698788
vn 0.99057591 -0.135631695 -0.0190683007
vn 0.982771814 -0.1824186 -0.0297165494
vn 0.966424108 -0.251442403 -0.0529277287
vn 0.973159373 -0.2260665 -0.0430678092

# Mesh 'Bumper-mesh' with 22 faces
g Bumper-mesh
usemtl Dark
l  1 2
l  3 4
l  5 6
l  5 2
l  7 8
l  9 10
l  11 10
l  5 12
l  3 13
l  5 14
l  15 16
l  7 16
l  17 18
l  11 19
l  15 20
l  15 21
l  9 22
l  3 23
l  11 24
l  1 12
l  17 4
l  15 8

# Mesh 'Bumper-mesh' with 2028 faces
g Bumper-mesh
usemtl Dark
f  25//2 26//2 27//2
f  27//3 26//3 28//3
f  27//3 28//3 29//3
f  29//4 28//4 30//4
f  29//4 30//4 31//4
f  31//5 30//5 32//5
f  31//6 32//6 33//6
f  33//7 32//7 34//7
f  33//7 34//7 35//7
f  35//8 34//8 36//8
f  35//8 36//8 37//8
f  37//9 36//9 38//9
f  37//10 38//10 39//10
f  39//11 38//11 40//11
f  39//11 40//11 41//11
f  41//12 40//12 42//12
f  41//12 42//12 43//12
f  43//13 42//13 44//13
f  43//13 44//13 45//13
f  45//14 44//14 46//14
f  45//14 46//14 47//14
f  47//15 46//15 48//15
f  47//15 48//15 49//15
f  49//16 48//16 50//16
f  49//16 50//16 51//16
f  51//17 50//17 52//17
f  51//18 52//18 53//18
f  53//19 52//19 54//19
f  53//19 54//19 55//19
f  55//20 54//20 56//20
f  55//20 56//20 57//20
f  57//21 56//21 58//21
f  57//22 58//22 59//22
f  59//23 58//23 60//23
f  59//23 60//23 61//23
f  61//24 60//24 62//24
f  61//24 62//24 63//24
f  63//25 62//25 64//25
f  63//25 64//25 65//25
f  65//26 64//26 66//26
f  65//26 66//26 67//26
f  67//27 66//27 68//27
f  67//28 68//28 69//28
f  69//29 68//29 70//29
f  69//29 70//29 71//29
f  71//30 70//30 72//30
f  71//30 72//30 73//30
f  73//31 72//31 74//31
f  73//32 74//32 75//32
f  75//33 74//33 76//33
f  75//33 76//33 77//33
f  77//34 76//34 78//34
f  77//34 78//34 79//34
f  79//35 78//35 80//35
f  79//35 80//35 81//35
f  81//36 80//36 82//36
f  81//36 82//36 83//36
f  83//37 82//37 84//37
f  83//37 84//37 85//37
f  85//38 84//38 86//38
f  85//38 86//38 87//38
f  87//39 86//39 88//39
f  87//40 88//40 89//40
f  89//41 88//41 90//41
f  89//41 90//41 91//41
f  91//42 90//42 92//42
f  91//42 92//42 93//42
f  93//43 92//43 94//43
f  93//44 94//44 95//44
f  95//45 94//45 96//45
f  95//45 96//45 25//45
f  25//2 96//2 26//2
f  97//46 98//46 99//46
f  99//47 98//47 100//47
f  99//48 100//48 101//48
f  101//49 100//49 102//49
f  101//50 102//50 103//50
f  103//51 102//51 104//51
f  103//52 104//52 105//52
f  105//53 104//53 106//53
f  105//54 106//54 107//54
f  107//55 106//55 108//55
f  107//56 108//56 109//56
f  109//57 108//57 110//57
f  109//58 110//58 111//58
f  111//59 110//59 112//59
f  111//60 112//60 113//60
f  113//61 112//61 114//61
f  113//62 114//62 115//62
f  115//63 114//63 116//63
f  115//64 116//64 117//64
f  117//65 116//65 118//65
f  117//66 118//66 119//66
f  119//67 118//67 120//67
f  119//68 120//68 121//68
f  121//69 120//69 122//69
f  121//70 122//70 123//70
f  123//71 122//71 124//71
f  123//72 124//72 125//72
f  125//73 124//73 126//73
f  125//74 126//74 127//74
f  127//75 126//75 128//75
f  127//76 128//76 129//76
f  129//77 128//77 130//77
f  129//78 130//78 131//78
f  131//79 130//79 132//79
f  131//80 132//80 133//80
f  133//81 132//81 134//81
f  133//82 134//82 135//82
f  135//83 134//83 136//83
f  135//84 136//84 137//84
f  137//85 136//85 138//85
f  137//86 138//86 139//86
f  139//87 138//87 140//87
f  139//88 140//88 141//88
f  141//89 140//89 142//89
f  141//90 142//90 143//90
f  143//91 142//91 144//91
f  143//92 144//92 145//92
f  145//93 144//93 146//93
f  145//94 146//94 147//94
f  147//95 146//95 148//95
f  147//96 148//96 149//96
f  149//97 148//97 150//97
f  149//98 150//98 151//98
f  151//99 150//99 152//99
f  151//100 152//100 153//100
f  153//101 152//101 154//101
f  153//102 154//102 155//102
f  155//103 154//103 156//103
f  155//104 156//104 157//104
f  157//105 156//105 158//105
f  157//106 158//106 159//106
f  159//107 158//107 160//107
f  159//108 160//108 161//108
f  161//109 160//109 162//109
f  161//110 162//110 163//110
f  163//111 162//111 164//111
f  163//112 164//112 165//112
f  165//113 164//113 166//113
f  165//114 166//114 167//114
f  167//115 166//115 168//115
f  167//116 168//116 97//116
f  97//117 168//117 98//117
f  169//118 96//118 170//118
f  170//119 96//119 94//119
f  170//120 94//120 171//120
f  171//121 94//121 92//121
f  171//122 92//122 172//122
f  172//123 92//123 90//123
f  172//124 90//124 173//124
f  173//125 90//125 88//125
f  173//126 88//126 174//126
f  174//127 88//127 86//127
f  174//128 86//128 175//128
f  175//129 86//129 84//129
f  175//130 84//130 176//130
f  176//131 84//131 82//131
f  176//132 82//132 177//132
f  177//133 82//133 80//133
f  177//134 80//134 178//134
f  178//135 80//135 78//135
f  178//136 78//136 179//136
f  179//137 78//137 76//137
f  179//138 76//138 180//138
f  180//139 76//139 74//139
f  180//140 74//140 181//140
f  181//141 74//141 72//141
f  181//142 72//142 182//142
f  182//143 72//143 70//143
f  182//144 70//144 183//144
f  183//145 70//145 68//145
f  183//146 68//146 184//146
f  184//147 68//147 66//147
f  184//148 66//148 185//148
f  185//149 66//149 64//149
f  185//150 64//150 186//150
f  186//151 64//151 62//151
f  186//152 62//152 187//152
f  187//153 62//153 60//153
f  187//154 60//154 188//154
f  188//155 60//155 58//155
f  188//156 58//156 189//156
f  189//157 58//157 56//157
f  189//158 56//158 190//158
f  190//159 56//159 54//159
f  190//160 54//160 191//160
f  191//161 54//161 52//161
f  191//162 52//162 192//162
f  192//163 52//163 50//163
f  192//164 50//164 193//164
f  193//165 50//165 48//165
f  193//166 48//166 194//166
f  194//167 48//167 46//167
f  194//168 46//168 195//168
f  195//169 46//169 44//169
f  195//170 44//170 196//170
f  196//171 44//171 42//171
f  196//172 42//172 197//172
f  197//173 42//173 40//173
f  197//174 40//174 198//174
f  198//175 40//175 38//175
f  198//176 38//176 199//176
f  199//177 38//177 36//177
f  199//178 36//178 200//178
f  200//179 36//179 34//179
f  200//180 34//180 201//180
f  201//181 34//181 32//181
f  201//182 32//182 202//182
f  202//183 32//183 30//183
f  202//184 30//184 203//184
f  203//185 30//185 28//185
f  203//186 28//186 204//186
f  204//187 28//187 26//187
f  204//188 26//188 169//188
f  169//189 26//189 96//189
f  205//190 170//190 206//190
f  206//191 170//191 171//191
f  206//192 171//192 207//192
f  207//193 171//193 172//193
f  207//194 172//194 208//194
f  208//195 172//195 173//195
f  208//196 173//196 209//196
f  209//197 173//197 174//197
f  209//198 174//198 210//198
f  210//199 174//199 175//199
f  210//200 175//200 211//200
f  211//201 175//201 176//201
f  211//202 176//202 212//202
f  212//203 176//203 177//203
f  212//204 177//204 213//204
f  213//205 177//205 178//205
f  213//206 178//206 214//206
f  214//207 178//207 179//207
f  214//208 179//208 215//208
f  215//209 179//209 180//209
f  215//210 180//210 216//210
f  216//211 180//211 181//211
f  216//212 181//212 217//212
f  217//213 181//213 182//213
f  217//214 182//214 218//214
f  218//215 182//215 183//215
f  218//216 183//216 219//216
f  219//217 183//217 184//217
f  219//218 184//218 220//218
f  220//219 184//219 185//219
f  220//220 185//220 221//220
f  221//221 185//221 186//221
f  221//222 186//222 222//222
f  222//223 186//223 187//223
f  222//224 187//224 223//224
f  223//225 187//225 188//225
f  223//226 188//226 224//226
f  224//227 188//227 189//227
f  224//228 189//228 225//228
f  225//229 189//229 190//229
f  225//230 190//230 226//230
f  226//231 190//231 191//231
f  226//232 191//232 227//232
f  227//233 191//233 192//233
f  227//234 192//234 228//234
f  228//235 192//235 193//235
f  228//236 193//236 229//236
f  229//237 193//237 194//237
f  229//238 194//238 230//238
f  230//239 194//239 195//239
f  230//240 195//240 231//240
f  231//241 195//241 196//241
f  231//242 196//242 232//242
f  232//243 196//243 197//243
f  232//244 197//244 233//244
f  233//245 197//245 198//245
f  233//246 198//246 234//246
f  234//247 198//247 199//247
f  234//248 199//248 235//248
f  235//249 199//249 200//249
f  235//250 200//250 236//250
f  236//251 200//251 201//251
f  236//252 201//252 237//252
f  237//253 201//253 202//253
f  237//254 202//254 238//254
f  238//255 202//255 203//255
f  238//256 203//256 239//256
f  239//257 203//257 204//257
f  239//258 204//258 240//258
f  240//259 204//259 169//259
f  240//260 169//260 205//260
f  205//261 169//261 170//261
f  241//262 206//262 242//262
f  242//263 206//263 207//263
f  242//264 207//264 243//264
f  243//265 207//265 208//265
f  243//266 208//266 244//266
f  244//267 208//267 209//267
f  244//268 209//268 245//268
f  245//269 209//269 210//269
f  245//270 210//270 246//270
f  246//271 210//271 211//271
f  246//272 211//272 247//272
f  247//273 211//273 212//273
f  247//274 212//274 248//274
f  248//275 212//275 213//275
f  248//276 213//276 249//276
f  249//277 213//277 214//277
f  249//278 214//278 250//278
f  250//279 214//279 215//279
f  250//280 215//280 251//280
f  251//281 215//281 216//281
f  251//282 216//282 252//282
f  252//283 216//283 217//283
f  252//284 217//284 253//284
f  253//285 217//285 218//285
f  253//286 218//286 254//286
f  254//287 218//287 219//287
f  254//288 219//288 255//288
f  255//289 219//289 220//289
f  255//290 220//290 256//290
f  256//291 220//291 221//291
f  256//292 221//292 257//292
f  257//293 221//293 222//293
f  257//294 222//294 258//294
f  258//295 222//295 223//295
f  258//296 223//296 259//296
f  259//297 223//297 224//297
f  259//298 224//298 260//298
f  260//299 224//299 225//299
f  260//300 225//300 261//300
f  261//301 225//301 226//301
f  261//302 226//302 262//302
f  262//303 226//303 227//303
f  262//304 227//304 263//304
f  263//305 227//305 228//305
f  263//306 228//306 264//306
f  264//307 228//307 229//307
f  264//308 229//308 265//308
f  265//309 229//309 230//309
f  265//310 230//310 266//310
f  266//311 230//311 231//311
f  266//312 231//312 267//312
f  267//313 231//313 232//313
f  267//314 232//314 268//314
f  268//315 232//315 233//315
f  268//316 233//316 269//316
f  269//317 233//317 234//317
f  269//318 234//318 270//318
f  270//319 234//319 235//319
f  270//320 235//320 271//320
f  271//321 235//321 236//321
f  271//322 236//322 272//322
f  272//323 236//323 237//323
f  272//324 237//324 273//324
f  273//325 237//325 238//325
f  273//326 238//326 274//326
f  274//327 238//327 239//327
f  274//328 239//328 275//328
f  275//329 239//329 240//329
f  275//330 240//330 276//330
f  276//331 240//331 205//331
f  276//332 205//332 241//332
f  241//333 205//333 206//333
f  277//334 242//334 278//334
f  278//335 242//335 243//335
f  278//336 243//336 279//336
f  279//337 243//337 244//337
f  279//338 244//338 280//338
f  280//339 244//339 245//339
f  280//340 245//340 281//340
f  281//341 245//341 246//341
f  281//342 246//342 282//342
f  282//343 246//343 247//343
f  282//344 247//344 283//344
f  283//345 247//345 248//345
f  283//346 248//346 284//346
f  284//347 248//347 249//347
f  284//348 249//348 285//348
f  285//349 249//349 250//349
f  285//350 250//350 286//350
f  286//351 250//351 251//351
f  286//352 251//352 287//352
f  287//353 251//353 252//353
f  287//354 252//354 288//354
f  288//355 252//355 253//355
f  288//356 253//356 289//356
f  289//357 253//357 254//357
f  289//358 254//358 290//358
f  290//359 254//359 255//359
f  290//360 255//360 291//360
f  291//361 255//361 256//361
f  291//362 256//362 292//362
f  292//363 256//363 257//363
f  292//364 257//364 293//364
f  293//365 257//365 258//365
f  293//366 258//366 294//366
f  294//367 258//367 259//367
f  294//368 259//368 295//368
f  295//369 259//369 260//369
f  295//370 260//370 296//370
f  296//371 260//371 261//371
f  296//372 261//372 297//372
f  297//373 261//373 262//373
f  297//374 262//374 298//374
f  298//375 262//375 263//375
f  298//376 263//376 299//376
f  299//377 263//377 264//377
f  299//378 264//378 300//378
f  300//379 264//379 265//379
f  300//380 265//380 301//380
f  301//381 265//381 266//381
f  301//382 266//382 302//382
f  302//383 266//383 267//383
f  302//384 267//384 303//384
f  303//385 267//385 268//385
f  303//386 268//386 304//386
f  304//387 268//387 269//387
f  304//388 269//388 305//388
f  305//389 269//389 270//389
f  305//390 270//390 306//390
f  306//391 270//391 271//391
f  306//392 271//392 307//392
f  307//393 271//393 272//393
f  307//394 272//394 308//394
f  308//395 272//395 273//395
f  308//396 273//396 309//396
f  309//397 273//397 274//397
f  309//398 274//398 310//398
f  310//399 274//399 275//399
f  310//400 275//400 311//400
f  311//401 275//401 276//401
f  311//402 276//402 312//402
f  312//403 276//403 241//403
f  312//404 241//404 277//404
f  277//405 241//405 242//405
f  313//406 278//406 314//406
f  314//407 278//407 279//407
f  314//408 279//408 315//408
f  315//409 279//409 280//409
f  315//410 280//410 316//410
f  316//411 280//411 281//411
f  316//412 281//412 317//412
f  317//413 281//413 282//413
f  317//414 282//414 318//414
f  318//415 282//415 283//415
f  318//416 283//416 319//416
f  319//417 283//417 284//417
f  319//418 284//418 320//418
f  320//419 284//419 285//419
f  320//420 285//420 321//420
f  321//421 285//421 286//421
f  321//422 286//422 322//422
f  322//423 286//423 287//423
f  322//424 287//424 323//424
f  323//425 287//425 288//425
f  323//426 288//426 324//426
f  324//427 288//427 289//427
f  324//428 289//428 325//428
f  325//429 289//429 290//429
f  325//430 290//430 326//430
f  326//431 290//431 291//431
f  326//432 291//432 327//432
f  327//433 291//433 292//433
f  327//434 292//434 328//434
f  328//435 292//435 293//435
f  328//436 293//436 329//436
f  329//437 293//437 294//437
f  329//438 294//438 330//438
f  330//439 294//439 295//439
f  330//440 295//440 331//440
f  331//441 295//441 296//441
f  331//442 296//442 332//442
f  332//443 296//443 297//443
f  332//444 297//444 333//444
f  333//445 297//445 298//445
f  333//446 298//446 334//446
f  334//447 298//447 299//447
f  334//448 299//448 335//448
f  335//449 299//449 300//449
f  335//450 300//450 336//450
f  336//451 300//451 301//451
f  336//452 301//452 337//452
f  337//453 301//453 302//453
f  337//454 302//454 338//454
f  338//455 302//455 303//455
f  338//456 303//456 339//456
f  339//457 303//457 304//457
f  339//458 304//458 340//458
f  340//459 304//459 305//459
f  340//460 305//460 341//460
f  341//461 305//461 306//461
f  341//462 306//462 342//462
f  342//463 306//463 307//463
f  342//464 307//464 343//464
f  343//465 307//465 308//465
f  343//466 308//466 344//466
f  344//467 308//467 309//467
f  344//468 309//468 345//468
f  345//469 309//469 310//469
f  345//470 310//470 346//470
f  346//471 310//471 311//471
f  346//472 311//472 347//472
f  347//473 311//473 312//473
f  347//474 312//474 348//474
f  348//475 312//475 277//475
f  348//476 277//476 313//476
f  313//477 277//477 278//477
f  349//478 314//478 350//478
f  350//479 314//479 315//479
f  350//480 315//480 351//480
f  351//481 315//481 316//481
f  351//482 316//482 352//482
f  352//483 316//483 317//483
f  352//484 317//484 353//484
f  353//485 317//485 318//485
f  353//486 318//486 354//486
f  354//487 318//487 319//487
f  354//488 319//488 355//488
f  355//489 319//489 320//489
f  355//490 320//490 356//490
f  356//491 320//491 321//491
f  356//492 321//492 357//492
f  357//493 321//493 322//493
f  357//494 322//494 358//494
f  358//495 322//495 323//495
f  358//496 323//496 359//496
f  359//497 323//497 324//497
f  359//498 324//498 360//498
f  360//499 324//499 325//499
f  360//500 325//500 361//500
f  361//501 325//501 326//501
f  361//502 326//502 362//502
f  362//503 326//503 327//503
f  362//504 327//504 363//504
f  363//505 327//505 328//505
f  363//506 328//506 364//506
f  364//507 328//507 329//507
f  364//508 329//508 365//508
f  365//509 329//509 330//509
f  365//510 330//510 366//510
f  366//511 330//511 331//511
f  366//512 331//512 367//512
f  367//513 331//513 332//513
f  367//514 332//514 368//514
f  368//515 332//515 333//515
f  368//516 333//516 369//516
f  369//517 333//517 334//517
f  369//518 334//518 370//518
f  370//519 334//519 335//519
f  370//520 335//520 371//520
f  371//521 335//521 336//521
f  371//522 336//522 372//522
f  372//523 336//523 337//523
f  372//524 337//524 373//524
f  373//525 337//525 338//525
f  373//526 338//526 374//526
f  374//527 338//527 339//527
f  374//528 339//528 375//528
f  375//529 339//529 340//529
f  375//530 340//530 376//530
f  376//531 340//531 341//531
f  376//532 341//532 377//532
f  377//533 341//533 342//533
f  377//534 342//534 378//534
f  378//535 342//535 343//535
f  378//536 343//536 379//536
f  379//537 343//537 344//537
f  379//538 344//538 380//538
f  380//539 344//539 345//539
f  380//540 345//540 381//540
f  381//541 345//541 346//541
f  381//542 346//542 382//542
f  382//543 346//543 347//543
f  382//544 347//544 383//544
f  383//545 347//545 348//545
f  383//546 348//546 384//546
f  384//547 348//547 313//547
f  384//548 313//548 349//548
f  349//549 313//549 314//549
f  99//550 350//550 97//550
f  97//551 350//551 351//551
f  97//552 351//552 167//552
f  167//553 351//553 352//553
f  167//554 352//554 165//554
f  165//555 352//555 353//555
f  165//556 353//556 163//556
f  163//557 353//557 354//557
f  163//558 354//558 161//558
f  161//559 354//559 355//559
f  161//560 355//560 159//560
f  159//561 355//561 356//561
f  159//562 356//562 157//562
f  157//563 356//563 357//563
f  157//564 357//564 155//564
f  155//565 357//565 358//565
f  155//566 358//566 153//566
f  153//567 358//567 359//567
f  153//568 359//568 151//568
f  151//569 359//569 360//569
f  151//570 360//570 149//570
f  149//571 360//571 361//571
f  149//572 361//572 147//572
f  147//573 361//573 362//573
f  147//574 362//574 145//574
f  145//575 362//575 363//575
f  145//576 363//576 143//576
f  143//577 363//577 364//577
f  143//578 364//578 141//578
f  141//579 364//579 365//579
f  141//580 365//580 139//580
f  139//581 365//581 366//581
f  139//582 366//582 137//582
f  137//583 366//583 367//583
f  137//584 367//584 135//584
f  135//585 367//585 368//585
f  135//586 368//586 133//586
f  133//587 368//587 369//587
f  133//588 369//588 131//588
f  131//589 369//589 370//589
f  131//590 370//590 129//590
f  129//591 370//591 371//591
f  129//592 371//592 127//592
f  127//593 371//593 372//593
f  127//594 372//594 125//594
f  125//595 372//595 373//595
f  125//596 373//596 123//596
f  123//597 373//597 374//597
f  123//598 374//598 121//598
f  121//599 374//599 375//599
f  121//600 375//600 119//600
f  119//601 375//601 376//601
f  119//602 376//602 117//602
f  117//603 376//603 377//603
f  117//604 377//604 115//604
f  115//605 377//605 378//605
f  115//606 378//606 113//606
f  113//607 378//607 379//607
f  113//608 379//608 111//608
f  111//609 379//609 380//609
f  111//610 380//610 109//610
f  109//611 380//611 381//611
f  109//612 381//612 107//612
f  107//613 381//613 382//613
f  107//614 382//614 105//614
f  105//615 382//615 383//615
f  105//616 383//616 103//616
f  103//617 383//617 384//617
f  103//618 384//618 101//618
f  101//619 384//619 349//619
f  101//620 349//620 99//620
f  99//621 349//621 350//621
f  385//622 386//622 387//622
f  387//623 386//623 388//623
f  387//624 388//624 389//624
f  389//625 388//625 390//625
f  389//626 390//626 391//626
f  391//627 390//627 392//627
f  391//628 392//628 393//628
f  393//629 392//629 394//629
f  393//630 394//630 395//630
f  395//631 394//631 396//631
f  395//632 396//632 397//632
f  397//633 396//633 398//633
f  397//634 398//634 399//634
f  399//635 398//635 400//635
f  399//636 400//636 401//636
f  401//637 400//637 402//637
f  401//638 402//638 403//638
f  403//639 402//639 404//639
f  403//640 404//640 405//640
f  405//641 404//641 406//641
f  405//642 406//642 407//642
f  407//643 406//643 408//643
f  407//644 408//644 409//644
f  409//645 408//645 410//645
f  409//646 410//646 411//646
f  411//647 410//647 412//647
f  411//648 412//648 413//648
f  413//649 412//649 414//649
f  413//650 414//650 415//650
f  415//651 414//651 416//651
f  415//652 416//652 417//652
f  417//653 416//653 418//653
f  417//654 418//654 419//654
f  419//655 418//655 420//655
f  419//656 420//656 421//656
f  421//657 420//657 422//657
f  421//658 422//658 423//658
f  423//659 422//659 424//659
f  423//660 424//660 425//660
f  425//661 424//661 426//661
f  425//662 426//662 427//662
f  427//663 426//663 428//663
f  427//664 428//664 429//664
f  429//665 428//665 430//665
f  429//666 430//666 431//666
f  431//667 430//667 432//667
f  431//668 432//668 433//668
f  433//669 432//669 434//669
f  433//670 434//670 435//670
f  435//671 434//671 436//671
f  435//672 436//672 437//672
f  437//673 436//673 438//673
f  437//674 438//674 439//674
f  439//675 438//675 440//675
f  439//676 440//676 441//676
f  441//677 440//677 442//677
f  441//678 442//678 443//678
f  443//679 442//679 444//679
f  443//680 444//680 445//680
f  445//681 444//681 446//681
f  445//682 446//682 447//682
f  447//683 446//683 448//683
f  447//684 448//684 449//684
f  449//685 448//685 450//685
f  449//686 450//686 451//686
f  451//687 450//687 452//687
f  451//688 452//688 453//688
f  453//689 452//689 454//689
f  453//690 454//690 455//690
f  455//691 454//691 456//691
f  455//692 456//692 385//692
f  385//693 456//693 386//693
f  398//694 396//694 457//694
f  436//695 434//695 457//695
f  442//696 440//696 457//696
f  420//697 418//697 457//697
f  428//698 426//698 457//698
f  388//699 386//699 457//699
f  390//700 388//700 457//700
f  446//701 444//701 457//701
f  386//702 456//702 457//702
f  392//703 390//703 457//703
f  396//704 394//704 457//704
f  426//705 424//705 457//705
f  450//706 448//706 457//706
f  404//707 402//707 457//707
f  414//708 412//708 457//708
f  408//709 406//709 457//709
f  444//710 442//710 457//710
f  432//711 430//711 457//711
f  422//712 420//712 457//712
f  452//713 450//713 457//713
f  406//714 404//714 457//714
f  430//715 428//715 457//715
f  438//716 436//716 457//716
f  402//717 400//717 457//717
f  418//718 416//718 457//718
f  416//719 414//719 457//719
f  410//720 408//720 457//720
f  448//721 446//721 457//721
f  434//722 432//722 457//722
f  394//723 392//723 457//723
f  400//724 398//724 457//724
f  440//725 438//725 457//725
f  454//726 452//726 457//726
f  456//727 454//727 457//727
f  146//728 144//728 458//728
f  116//729 114//729 458//729
f  106//730 104//730 458//730
f  142//731 140//731 458//731
f  122//732 120//732 458//732
f  164//733 162//733 458//733
f  166//734 164//734 458//734
f  126//735 124//735 458//735
f  104//736 102//736 458//736
f  162//737 160//737 458//737
f  150//738 148//738 458//738
f  108//739 106//739 458//739
f  110//740 108//740 458//740
f  118//741 116//741 458//741
f  158//742 156//742 458//742
f  160//743 158//743 458//743
f  114//744 112//744 458//744
f  148//745 146//745 458//745
f  136//746 134//746 458//746
f  140//747 138//747 458//747
f  124//748 122//748 458//748
f  134//749 132//749 458//749
f  130//750 128//750 458//750
f  128//751 126//751 458//751
f  120//752 118//752 458//752
f  112//753 110//753 458//753
f  152//754 150//754 458//754
f  156//755 154//755 458//755
f  102//756 100//756 458//756
f  154//757 152//757 458//757
f  98//758 168//758 458//758
f  132//759 130//759 458//759
f  144//760 142//760 458//760
f  138//761 136//761 458//761
f  100//762 98//762 458//762
f  412//763 410//763 457//763
f  424//764 422//764 457//764
f  168//765 166//765 458//765
f  459//766 29//766 460//766
f  460//767 29//767 31//767
f  460//768 31//768 461//768
f  461//769 31//769 33//769
f  461//770 33//770 462//770
f  462//771 33//771 35//771
f  462//772 35//772 463//772
f  463//773 35//773 37//773
f  463//774 37//774 464//774
f  464//775 37//775 39//775
f  464//776 39//776 465//776
f  465//777 39//777 41//777
f  465//778 41//778 466//778
f  466//779 41//779 43//779
f  466//780 43//780 467//780
f  467//781 43//781 45//781
f  467//782 45//782 468//782
f  468//783 45//783 47//783
f  468//784 47//784 469//784
f  469//785 47//785 49//785
f  469//786 49//786 470//786
f  470//787 49//787 51//787
f  470//788 51//788 471//788
f  471//789 51//789 53//789
f  471//790 53//790 472//790
f  472//791 53//791 55//791
f  472//792 55//792 473//792
f  473//793 55//793 57//793
f  473//794 57//794 474//794
f  474//795 57//795 59//795
f  474//796 59//796 475//796
f  475//797 59//797 61//797
f  475//798 61//798 476//798
f  476//799 61//799 63//799
f  476//800 63//800 477//800
f  477//801 63//801 65//801
f  477//802 65//802 478//802
f  478//803 65//803 67//803
f  478//804 67//804 479//804
f  479//805 67//805 69//805
f  479//806 69//806 480//806
f  480//807 69//807 71//807
f  480//808 71//808 481//808
f  481//809 71//809 73//809
f  481//810 73//810 482//810
f  482//811 73//811 75//811
f  482//812 75//812 483//812
f  483//813 75//813 77//813
f  483//814 77//814 484//814
f  484//815 77//815 79//815
f  484//816 79//816 485//816
f  485//817 79//817 81//817
f  485//818 81//818 486//818
f  486//819 81//819 83//819
f  486//820 83//820 487//820
f  487//821 83//821 85//821
f  487//822 85//822 488//822
f  488//823 85//823 87//823
f  488//824 87//824 489//824
f  489//825 87//825 89//825
f  489//826 89//826 490//826
f  490//827 89//827 91//827
f  490//828 91//828 491//828
f  491//829 91//829 93//829
f  491//830 93//830 492//830
f  492//831 93//831 95//831
f  492//832 95//832 493//832
f  493//833 95//833 25//833
f  493//834 25//834 494//834
f  494//835 25//835 27//835
f  494//836 27//836 459//836
f  459//837 27//837 29//837
f  495//838 460//838 496//838
f  496//839 460//839 461//839
f  496//840 461//840 497//840
f  497//841 461//841 462//841
f  497//842 462//842 498//842
f  498//843 462//843 463//843
f  498//844 463//844 499//844
f  499//845 463//845 464//845
f  499//846 464//846 500//846
f  500//847 464//847 465//847
f  500//848 465//848 501//848
f  501//849 465//849 466//849
f  501//850 466//850 502//850
f  502//851 466//851 467//851
f  502//852 467//852 503//852
f  503//853 467//853 468//853
f  503//854 468//854 504//854
f  504//855 468//855 469//855
f  504//856 469//856 505//856
f  505//857 469//857 470//857
f  505//858 470//858 506//858
f  506//859 470//859 471//859
f  506//860 471//860 507//860
f  507//861 471//861 472//861
f  507//862 472//862 508//862
f  508//863 472//863 473//863
f  508//864 473//864 509//864
f  509//865 473//865 474//865
f  509//866 474//866 510//866
f  510//867 474//867 475//867
f  510//868 475//868 511//868
f  511//869 475//869 476//869
f  511//870 476//870 512//870
f  512//871 476//871 477//871
f  512//872 477//872 513//872
f  513//873 477//873 478//873
f  513//874 478//874 514//874
f  514//875 478//875 479//875
f  514//876 479//876 515//876
f  515//877 479//877 480//877
f  515//878 480//878 516//878
f  516//879 480//879 481//879
f  516//880 481//880 517//880
f  517//881 481//881 482//881
f  517//882 482//882 518//882
f  518//883 482//883 483//883
f  518//884 483//884 519//884
f  519//885 483//885 484//885
f  519//886 484//886 520//886
f  520//887 484//887 485//887
f  520//888 485//888 521//888
f  521//889 485//889 486//889
f  521//890 486//890 522//890
f  522//891 486//891 487//891
f  522//892 487//892 523//892
f  523//893 487//893 488//893
f  523//894 488//894 524//894
f  524//895 488//895 489//895
f  524//896 489//896 525//896
f  525//897 489//897 490//897
f  525//898 490//898 526//898
f  526//899 490//899 491//899
f  526//900 491//900 527//900
f  527//901 491//901 492//901
f  527//902 492//902 528//902
f  528//903 492//903 493//903
f  528//904 493//904 529//904
f  529//905 493//905 494//905
f  529//906 494//906 530//906
f  530//907 494//907 459//907
f  530//908 459//908 495//908
f  495//909 459//909 460//909
f  531//910 496//910 532//910
f  532//911 496//911 497//911
f  532//912 497//912 533//912
f  533//913 497//913 498//913
f  533//914 498//914 534//914
f  534//915 498//915 499//915
f  534//916 499//916 535//916
f  535//917 499//917 500//917
f  535//918 500//918 536//918
f  536//919 500//919 501//919
f  536//920 501//920 537//920
f  537//921 501//921 502//921
f  537//922 502//922 538//922
f  538//923 502//923 503//923
f  538//924 503//924 539//924
f  539//925 503//925 504//925
f  539//926 504//926 540//926
f  540//927 504//927 505//927
f  540//928 505//928 541//928
f  541//929 505//929 506//929
f  541//930 506//930 542//930
f  542//931 506//931 507//931
f  542//932 507//932 543//932
f  543//933 507//933 508//933
f  543//934 508//934 544//934
f  544//935 508//935 509//935
f  544//936 509//936 545//936
f  545//937 509//937 510//937
f  545//938 510//938 546//938
f  546//939 510//939 511//939
f  546//940 511//940 547//940
f  547//941 511//941 512//941
f  547//942 512//942 548//942
f  548//943 512//943 513//943
f  548//944 513//944 549//944
f  549//945 513//945 514//945
f  549//946 514//946 550//946
f  550//947 514//947 515//947
f  550//948 515//948 551//948
f  551//949 515//949 516//949
f  551//950 516//950 552//950
f  552//951 516//951 517//951
f  552//952 517//952 553//952
f  553//953 517//953 518//953
f  553//954 518//954 554//954
f  554//955 518//955 519//955
f  554//956 519//956 555//956
f  555//957 519//957 520//957
f  555//958 520//958 556//958
f  556//959 520//959 521//959
f  556//960 521//960 557//960
f  557//961 521//961 522//961
f  557//962 522//962 558//962
f  558//963 522//963 523//963
f  558//964 523//964 559//964
f  559//965 523//965 524//965
f  559//966 524//966 560//966
f  560//967 524//967 525//967
f  560//968 525//968 561//968
f  561//969 525//969 526//969
f  561//970 526//970 562//970
f  562//971 526//971 527//971
f  562//972 527//972 563//972
f  563//973 527//973 528//973
f  563//974 528//974 564//974
f  564//975 528//975 529//975
f  564//976 529//976 565//976
f  565//977 529//977 530//977
f  565//978 530//978 566//978
f  566//979 530//979 495//979
f  566//980 495//980 531//980
f  531//981 495//981 496//981
f  567//982 532//982 568//982
f  568//983 532//983 533//983
f  568//984 533//984 569//984
f  569//985 533//985 534//985
f  569//986 534//986 570//986
f  570//987 534//987 535//987
f  570//988 535//988 571//988
f  571//989 535//989 536//989
f  571//990 536//990 572//990
f  572//991 536//991 537//991
f  572//992 537//992 573//992
f  573//993 537//993 538//993
f  573//994 538//994 574//994
f  574//995 538//995 539//995
f  574//996 539//996 575//996
f  575//997 539//997 540//997
f  575//998 540//998 576//998
f  576//999 540//999 541//999
f  576//1000 541//1000 577//1000
f  577//1001 541//1001 542//1001
f  577//1002 542//1002 578//1002
f  578//1003 542//1003 543//1003
f  578//1004 543//1004 579//1004
f  579//1005 543//1005 544//1005
f  579//1006 544//1006 580//1006
f  580//1007 544//1007 545//1007
f  580//1008 545//1008 581//1008
f  581//1009 545//1009 546//1009
f  581//1010 546//1010 582//1010
f  582//1011 546//1011 547//1011
f  582//1012 547//1012 583//1012
f  583//1013 547//1013 548//1013
f  583//1014 548//1014 584//1014
f  584//1015 548//1015 549//1015
f  584//1016 549//1016 585//1016
f  585//1017 549//1017 550//1017
f  585//1018 550//1018 586//1018
f  586//1019 550//1019 551//1019
f  586//1020 551//1020 587//1020
f  587//1021 551//1021 552//1021
f  587//1022 552//1022 588//1022
f  588//1023 552//1023 553//1023
f  588//1024 553//1024 589//1024
f  589//1025 553//1025 554//1025
f  589//1026 554//1026 590//1026
f  590//1027 554//1027 555//1027
f  590//1028 555//1028 591//1028
f  591//1029 555//1029 556//1029
f  591//1030 556//1030 592//1030
f  592//1031 556//1031 557//1031
f  592//1032 557//1032 593//1032
f  593//1033 557//1033 558//1033
f  593//1034 558//1034 594//1034
f  594//1035 558//1035 559//1035
f  594//1036 559//1036 595//1036
f  595//1037 559//1037 560//1037
f  595//1038 560//1038 596//1038
f  596//1039 560//1039 561//1039
f  596//1040 561//1040 597//1040
f  597//1041 561//1041 562//1041
f  597//1042 562//1042 598//1042
f  598//1043 562//1043 563//1043
f  598//1044 563//1044 599//1044
f  599//1045 563//1045 564//1045
f  599//1046 564//1046 600//1046
f  600//1047 564//1047 565//1047
f  600//1048 565//1048 601//1048
f  601//1049 565//1049 566//1049
f  601//1050 566//1050 602//1050
f  602//1051 566//1051 531//1051
f  602//1052 531//1052 567//1052
f  567//1053 531//1053 532//1053
f  603//1054 568//1054 604//1054
f  604//1055 568//1055 569//1055
f  604//1056 569//1056 605//1056
f  605//1057 569//1057 570//1057
f  605//1058 570//1058 606//1058
f  606//1059 570//1059 571//1059
f  606//1060 571//1060 607//1060
f  607//1061 571//1061 572//1061
f  607//1062 572//1062 608//1062
f  608//1063 572//1063 573//1063
f  608//1064 573//1064 609//1064
f  609//1065 573//1065 574//1065
f  609//1066 574//1066 610//1066
f  610//1067 574//1067 575//1067
f  610//1068 575//1068 611//1068
f  611//1069 575//1069 576//1069
f  611//1070 576//1070 612//1070
f  612//1071 576//1071 577//1071
f  612//1072 577//1072 613//1072
f  613//1073 577//1073 578//1073
f  613//1074 578//1074 614//1074
f  614//1075 578//1075 579//1075
f  614//1076 579//1076 615//1076
f  615//1077 579//1077 580//1077
f  615//1078 580//1078 616//1078
f  616//1079 580//1079 581//1079
f  616//1080 581//1080 617//1080
f  617//1081 581//1081 582//1081
f  617//1082 582//1082 618//1082
f  618//1083 582//1083 583//1083
f  618//1084 583//1084 619//1084
f  619//1085 583//1085 584//1085
f  619//1086 584//1086 620//1086
f  620//1087 584//1087 585//1087
f  620//1088 585//1088 621//1088
f  621//1089 585//1089 586//1089
f  621//1090 586//1090 622//1090
f  622//1091 586//1091 587//1091
f  622//1092 587//1092 623//1092
f  623//1093 587//1093 588//1093
f  623//1094 588//1094 624//1094
f  624//1095 588//1095 589//1095
f  624//1096 589//1096 625//1096
f  625//1097 589//1097 590//1097
f  625//1098 590//1098 626//1098
f  626//1099 590//1099 591//1099
f  626//1100 591//1100 627//1100
f  627//1101 591//1101 592//1101
f  627//1102 592//1102 628//1102
f  628//1103 592//1103 593//1103
f  628//1104 593//1104 629//1104
f  629//1105 593//1105 594//1105
f  629//1106 594//1106 630//1106
f  630//1107 594//1107 595//1107
f  630//1108 595//1108 631//1108
f  631//1109 595//1109 596//1109
f  631//1110 596//1110 632//1110
f  632//1111 596//1111 597//1111
f  632//1112 597//1112 633//1112
f  633//1113 597//1113 598//1113
f  633//1114 598//1114 634//1114
f  634//1115 598//1115 599//1115
f  634//1116 599//1116 635//1116
f  635//1117 599//1117 600//1117
f  635//1118 600//1118 636//1118
f  636//1119 600//1119 601//1119
f  636//1120 601//1120 637//1120
f  637//1121 601//1121 602//1121
f  637//1122 602//1122 638//1122
f  638//1123 602//1123 567//1123
f  638//1124 567//1124 603//1124
f  603//1125 567//1125 568//1125
f  639//1126 604//1126 640//1126
f  640//1127 604//1127 605//1127
f  640//1128 605//1128 641//1128
f  641//1129 605//1129 606//1129
f  641//1130 606//1130 642//1130
f  642//1131 606//1131 607//1131
f  642//1132 607//1132 643//1132
f  643//1133 607//1133 608//1133
f  643//1134 608//1134 644//1134
f  644//1135 608//1135 609//1135
f  644//1136 609//1136 645//1136
f  645//1137 609//1137 610//1137
f  645//1138 610//1138 646//1138
f  646//1139 610//1139 611//1139
f  646//1140 611//1140 647//1140
f  647//1141 611//1141 612//1141
f  647//1142 612//1142 648//1142
f  648//1143 612//1143 613//1143
f  648//1144 613//1144 649//1144
f  649//1145 613//1145 614//1145
f  649//1146 614//1146 650//1146
f  650//1147 614//1147 615//1147
f  650//1148 615//1148 651//1148
f  651//1149 615//1149 616//1149
f  651//1150 616//1150 652//1150
f  652//1151 616//1151 617//1151
f  652//1152 617//1152 653//1152
f  653//1153 617//1153 618//1153
f  653//1154 618//1154 654//1154
f  654//1155 618//1155 619//1155
f  654//1156 619//1156 655//1156
f  655//1157 619//1157 620//1157
f  655//1158 620//1158 656//1158
f  656//1159 620//1159 621//1159
f  656//1160 621//1160 657//1160
f  657//1161 621//1161 622//1161
f  657//1162 622//1162 658//1162
f  658//1163 622//1163 623//1163
f  658//1164 623//1164 659//1164
f  659//1165 623//1165 624//1165
f  659//1166 624//1166 660//1166
f  660//1167 624//1167 625//1167
f  660//1168 625//1168 661//1168
f  661//1169 625//1169 626//1169
f  661//1170 626//1170 662//1170
f  662//1171 626//1171 627//1171
f  662//1172 627//1172 663//1172
f  663//1173 627//1173 628//1173
f  663//1174 628//1174 664//1174
f  664//1175 628//1175 629//1175
f  664//1176 629//1176 665//1176
f  665//1177 629//1177 630//1177
f  665//1178 630//1178 666//1178
f  666//1179 630//1179 631//1179
f  666//1180 631//1180 667//1180
f  667//1181 631//1181 632//1181
f  667//1182 632//1182 668//1182
f  668//1183 632//1183 633//1183
f  668//1184 633//1184 669//1184
f  669//1185 633//1185 634//1185
f  669//1186 634//1186 670//1186
f  670//1187 634//1187 635//1187
f  670//1188 635//1188 671//1188
f  671//1189 635//1189 636//1189
f  671//1190 636//1190 672//1190
f  672//1191 636//1191 637//1191
f  672//1192 637//1192 673//1192
f  673//1193 637//1193 638//1193
f  673//1194 638//1194 674//1194
f  674//1195 638//1195 603//1195
f  674//1196 603//1196 639//1196
f  639//1197 603//1197 604//1197
f  423//1198 640//1198 421//1198
f  421//1199 640//1199 641//1199
f  421//1200 641//1200 419//1200
f  419//1201 641//1201 642//1201
f  419//1202 642//1202 417//1202
f  417//1203 642//1203 643//1203
f  417//1204 643//1204 415//1204
f  415//1205 643//1205 644//1205
f  415//1206 644//1206 413//1206
f  413//1207 644//1207 645//1207
f  413//1208 645//1208 411//1208
f  411//1209 645//1209 646//1209
f  411//1210 646//1210 409//1210
f  409//1211 646//1211 647//1211
f  409//1212 647//1212 407//1212
f  407//1213 647//1213 648//1213
f  407//1214 648//1214 405//1214
f  405//1215 648//1215 649//1215
f  405//1216 649//1216 403//1216
f  403//1217 649//1217 650//1217
f  403//1218 650//1218 401//1218
f  401//1219 650//1219 651//1219
f  401//1220 651//1220 399//1220
f  399//1221 651//1221 652//1221
f  399//1222 652//1222 397//1222
f  397//1223 652//1223 653//1223
f  397//1224 653//1224 395//1224
f  395//1225 653//1225 654//1225
f  395//1226 654//1226 393//1226
f  393//1227 654//1227 655//1227
f  393//1228 655//1228 391//1228
f  391//1229 655//1229 656//1229
f  391//1230 656//1230 389//1230
f  389//1231 656//1231 657//1231
f  389//1232 657//1232 387//1232
f  387//1233 657//1233 658//1233
f  387//1234 658//1234 385//1234
f  385//1235 658//1235 659//1235
f  385//1236 659//1236 455//1236
f  455//1237 659//1237 660//1237
f  455//1238 660//1238 453//1238
f  453//1239 660//1239 661//1239
f  453//1240 661//1240 451//1240
f  451//1241 661//1241 662//1241
f  451//1242 662//1242 449//1242
f  449//1243 662//1243 663//1243
f  449//1244 663//1244 447//1244
f  447//1245 663//1245 664//1245
f  447//1246 664//1246 445//1246
f  445//1247 664//1247 665//1247
f  445//1248 665//1248 443//1248
f  443//1249 665//1249 666//1249
f  443//1250 666//1250 441//1250
f  441//1251 666//1251 667//1251
f  441//1252 667//1252 439//1252
f  439//1253 667//1253 668//1253
f  439//1254 668//1254 437//1254
f  437//1255 668//1255 669//1255
f  437//1256 669//1256 435//1256
f  435//1257 669//1257 670//1257
f  435//1258 670//1258 433//1258
f  433//1259 670//1259 671//1259
f  433//1260 671//1260 431//1260
f  431//1261 671//1261 672//1261
f  431//1262 672//1262 429//1262
f  429//1263 672//1263 673//1263
f  429//1264 673//1264 427//1264
f  427//1265 673//1265 674//1265
f  427//1266 674//1266 425//1266
f  425//1267 674//1267 639//1267
f  425//1268 639//1268 423//1268
f  423//1269 639//1269 640//1269
f  675//1270 676//1270 677//1270
f  677//1270 676//1270 678//1270
f  677//1271 678//1271 679//1271
f  677//1272 679//1272 680//1272
f  677//1273 680//1273 681//1273
f  677//1270 681//1270 682//1270
f  677//1270 682//1270 683//1270
f  677//1274 683//1274 684//1274
f  677//1275 684//1275 685//1275
f  677//1276 685//1276 686//1276
f  677//1277 686//1277 687//1277
f  677//1278 687//1278 688//1278
f  677//1279 688//1279 689//1279
f  677//1280 689//1280 690//1280
f  677//1281 690//1281 691//1281
f  677//1282 691//1282 692//1282
f  677//1283 692//1283 693//1283
f  677//1270 693//1270 694//1270
f  677//1270 694//1270 695//1270
f  677//1270 695//1270 696//1270
f  677//1270 696//1270 697//1270
f  677//1284 697//1284 698//1284
f  677//1285 698//1285 699//1285
f  677//1286 699//1286 700//1286
f  677//1287 700//1287 701//1287
f  677//1288 701//1288 702//1288
f  677//1289 702//1289 703//1289
f  677//1290 703//1290 704//1290
f  677//1291 704//1291 705//1291
f  677//1292 705//1292 706//1292
f  677//1293 706//1293 707//1293
f  677//1294 707//1294 708//1294
f  677//1295 708//1295 709//1295
f  677//1270 709//1270 710//1270
f  677//1270 710//1270 711//1270
f  677//1296 711//1296 712//1296
f  677//1297 712//1297 713//1297
f  677//1298 713//1298 675//1298
f  714//1299 715//1299 682//1299
f  695//1300 716//1300 717//1300
f  717//1301 718//1301 695//1301
f  695//1302 718//1302 719//1302
f  695//1303 719//1303 696//1303
f  720//1304 721//1304 694//1304
f  694//1305 721//1305 695//1305
f  695//1306 721//1306 722//1306
f  695//1307 722//1307 716//1307
f  693//1308 723//1308 8//1308
f  693//1309 8//1309 724//1309
f  693//1310 724//1310 694//1310
f  694//1311 724//1311 725//1311
f  694//1312 725//1312 720//1312
f  726//1313 4//1313 692//1313
f  692//1314 4//1314 727//1314
f  692//1315 727//1315 693//1315
f  693//1316 727//1316 728//1316
f  693//1317 728//1317 723//1317
f  691//1318 729//1318 730//1318
f  730//1319 731//1319 691//1319
f  691//1320 731//1320 732//1320
f  691//1321 732//1321 692//1321
f  692//1322 732//1322 733//1322
f  692//1323 733//1323 726//1323
f  729//1324 691//1324 734//1324
f  734//1325 691//1325 690//1325
f  734//1326 690//1326 735//1326
f  736//1327 689//1327 737//1327
f  737//1328 689//1328 738//1328
f  736//1329 739//1329 689//1329
f  689//1330 739//1330 740//1330
f  689//1331 740//1331 690//1331
f  690//1332 740//1332 735//1332
f  738//1333 689//1333 741//1333
f  741//1334 689//1334 688//1334
f  741//1335 688//1335 742//1335
f  743//1336 744//1336 687//1336
f  687//1337 744//1337 745//1337
f  687//1338 745//1338 688//1338
f  688//1339 745//1339 746//1339
f  688//1340 746//1340 742//1340
f  747//1341 748//1341 687//1341
f  687//1342 748//1342 749//1342
f  687//1343 749//1343 743//1343
f  750//1344 751//1344 686//1344
f  686//1345 751//1345 752//1345
f  686//1346 752//1346 687//1346
f  687//1347 752//1347 753//1347
f  687//1348 753//1348 747//1348
f  754//1349 755//1349 684//1349
f  684//1350 755//1350 756//1350
f  684//1351 756//1351 685//1351
f  685//1352 756//1352 686//1352
f  686//1353 756//1353 757//1353
f  686//1354 757//1354 750//1354
f  758//1355 759//1355 683//1355
f  683//1356 759//1356 684//1356
f  684//1357 759//1357 760//1357
f  684//1358 760//1358 754//1358
f  682//1359 715//1359 683//1359
f  683//1360 715//1360 761//1360
f  683//1361 761//1361 762//1361
f  762//1362 763//1362 683//1362
f  683//1363 763//1363 764//1363
f  683//1364 764//1364 758//1364
f  680//1365 765//1365 681//1365
f  681//1366 765//1366 766//1366
f  681//1367 766//1367 767//1367
f  767//1368 23//1368 681//1368
f  681//1369 23//1369 682//1369
f  682//1370 23//1370 768//1370
f  682//1371 768//1371 714//1371
f  769//1372 21//1372 680//1372
f  680//1373 21//1373 765//1373
f  770//1374 771//1374 679//1374
f  679//1375 771//1375 772//1375
f  679//1376 772//1376 680//1376
f  680//1377 772//1377 773//1377
f  680//1378 773//1378 769//1378
f  774//1379 775//1379 678//1379
f  678//1380 775//1380 679//1380
f  679//1381 775//1381 776//1381
f  679//1382 776//1382 770//1382
f  774//1383 678//1383 777//1383
f  777//1384 678//1384 676//1384
f  777//1385 676//1385 778//1385
f  778//1386 676//1386 675//1386
f  778//1387 675//1387 779//1387
f  780//1388 781//1388 713//1388
f  781//1389 782//1389 713//1389
f  713//1390 782//1390 783//1390
f  713//1391 783//1391 675//1391
f  675//1392 783//1392 779//1392
f  20//1393 784//1393 712//1393
f  712//1394 784//1394 785//1394
f  712//1395 785//1395 713//1395
f  713//1396 785//1396 786//1396
f  713//1397 786//1397 780//1397
f  787//1398 788//1398 711//1398
f  711//1399 788//1399 789//1399
f  711//1400 789//1400 712//1400
f  712//1401 789//1401 790//1401
f  712//1402 790//1402 20//1402
f  791//1403 792//1403 710//1403
f  710//1404 792//1404 13//1404
f  710//1405 13//1405 711//1405
f  711//1406 13//1406 787//1406
f  793//1407 794//1407 709//1407
f  794//1408 795//1408 709//1408
f  709//1409 795//1409 796//1409
f  709//1410 796//1410 710//1410
f  710//1411 796//1411 797//1411
f  710//1412 797//1412 791//1412
f  798//1413 799//1413 709//1413
f  709//1414 799//1414 800//1414
f  709//1415 800//1415 793//1415
f  801//1416 802//1416 707//1416
f  707//1417 802//1417 803//1417
f  707//1418 803//1418 708//1418
f  708//1419 803//1419 804//1419
f  708//1420 804//1420 709//1420
f  709//1421 804//1421 805//1421
f  709//1422 805//1422 798//1422
f  706//1423 806//1423 807//1423
f  807//1424 808//1424 706//1424
f  706//1425 808//1425 809//1425
f  706//1426 809//1426 707//1426
f  707//1427 809//1427 810//1427
f  707//1428 810//1428 801//1428
f  806//1429 706//1429 811//1429
f  811//1430 706//1430 705//1430
f  811//1431 705//1431 812//1431
f  813//1432 814//1432 705//1432
f  705//1433 814//1433 812//1433
f  815//1434 816//1434 704//1434
f  704//1435 816//1435 705//1435
f  705//1436 816//1436 817//1436
f  705//1437 817//1437 813//1437
f  818//1438 819//1438 703//1438
f  703//1439 819//1439 820//1439
f  703//1440 820//1440 704//1440
f  704//1441 820//1441 821//1441
f  704//1442 821//1442 815//1442
f  822//1443 823//1443 702//1443
f  702//1444 823//1444 703//1444
f  703//1445 823//1445 818//1445
f  700//1446 824//1446 701//1446
f  701//1447 824//1447 825//1447
f  701//1448 825//1448 826//1448
f  826//1449 827//1449 701//1449
f  701//1450 827//1450 828//1450
f  701//1451 828//1451 702//1451
f  702//1452 828//1452 829//1452
f  702//1453 829//1453 822//1453
f  830//1454 18//1454 700//1454
f  700//1455 18//1455 831//1455
f  700//1456 831//1456 824//1456
f  16//1457 832//1457 699//1457
f  699//1458 832//1458 833//1458
f  699//1459 833//1459 700//1459
f  700//1460 833//1460 830//1460
f  834//1461 835//1461 697//1461
f  697//1462 835//1462 836//1462
f  697//1463 836//1463 698//1463
f  698//1464 836//1464 837//1464
f  698//1465 837//1465 838//1465
f  698//1466 838//1466 839//1466
f  698//1467 839//1467 699//1467
f  699//1468 839//1468 840//1468
f  699//1469 840//1469 16//1469
f  719//1470 841//1470 696//1470
f  696//1471 841//1471 697//1471
f  697//1472 841//1472 842//1472
f  697//1473 842//1473 834//1473
f  722//1474 843//1474 716//1474
f  716//1475 843//1475 717//1475
f  717//1476 843//1476 718//1476
f  718//1477 843//1477 719//1477
f  719//1478 843//1478 841//1478
f  841//1479 843//1479 842//1479
f  842//1480 843//1480 834//1480
f  834//1481 843//1481 835//1481
f  835//1482 843//1482 836//1482
f  839//1483 838//1483 843//1483
f  836//1484 843//1484 837//1484
f  837//1485 843//1485 838//1485
f  839//1486 843//1486 840//1486
f  840//1487 843//1487 16//1487
f  16//1488 844//1488 832//1488
f  832//1489 844//1489 833//1489
f  844//1490 18//1490 830//1490
f  844//1491 830//1491 833//1491
f  790//1492 789//1492 844//1492
f  844//1493 789//1493 788//1493
f  13//1494 844//1494 787//1494
f  787//1495 844//1495 788//1495
f  13//1496 792//1496 845//1496
f  845//1497 792//1497 791//1497
f  845//1498 791//1498 797//1498
f  827//1499 826//1499 845//1499
f  845//1500 826//1500 825//1500
f  845//1501 825//1501 824//1501
f  824//1502 831//1502 845//1502
f  845//1503 831//1503 18//1503
f  845//1504 18//1504 13//1504
f  13//1505 18//1505 846//1505
f  847//1506 795//1506 794//1506
f  794//1507 793//1507 847//1507
f  847//1508 793//1508 800//1508
f  847//1509 800//1509 799//1509
f  818//1510 823//1510 847//1510
f  829//1511 847//1511 822//1511
f  822//1512 847//1512 823//1512
f  797//1513 796//1513 845//1513
f  845//1514 796//1514 795//1514
f  845//1515 795//1515 827//1515
f  827//1516 795//1516 847//1516
f  827//1517 847//1517 828//1517
f  828//1518 847//1518 829//1518
f  805//1519 804//1519 848//1519
f  803//1520 802//1520 804//1520
f  804//1521 802//1521 801//1521
f  804//1522 801//1522 848//1522
f  801//1523 810//1523 848//1523
f  848//1524 810//1524 809//1524
f  848//1525 809//1525 808//1525
f  812//1526 814//1526 811//1526
f  811//1527 814//1527 848//1527
f  811//1528 848//1528 806//1528
f  806//1529 848//1529 808//1529
f  806//1530 808//1530 807//1530
f  816//1531 848//1531 817//1531
f  817//1532 848//1532 814//1532
f  817//1533 814//1533 813//1533
f  820//1534 848//1534 821//1534
f  821//1535 848//1535 816//1535
f  821//1536 816//1536 815//1536
f  799//1537 798//1537 847//1537
f  847//1538 798//1538 805//1538
f  847//1539 805//1539 818//1539
f  818//1540 805//1540 848//1540
f  818//1541 848//1541 820//1541
f  818//1542 820//1542 819//1542
f  790//1543 844//1543 20//1543
f  780//1544 786//1544 843//1544
f  780//1545 843//1545 781//1545
f  20//1546 7//1546 784//1546
f  784//1547 843//1547 785//1547
f  785//1548 843//1548 786//1548
f  781//1549 843//1549 782//1549
f  843//1550 783//1550 782//1550
f  774//1551 777//1551 843//1551
f  843//1552 777//1552 778//1552
f  843//1553 778//1553 779//1553
f  843//1554 779//1554 783//1554
f  776//1555 775//1555 843//1555
f  774//1556 843//1556 775//1556
f  776//1557 843//1557 770//1557
f  770//1558 843//1558 771//1558
f  21//1559 769//1559 7//1559
f  7//1560 769//1560 773//1560
f  843//1561 773//1561 772//1561
f  843//1562 772//1562 771//1562
f  765//1563 844//1563 766//1563
f  766//1564 844//1564 767//1564
f  21//1565 844//1565 765//1565
f  767//1566 844//1566 23//1566
f  844//1567 8//1567 723//1567
f  4//1568 844//1568 727//1568
f  727//1569 844//1569 728//1569
f  728//1570 844//1570 723//1570
f  849//1571 4//1571 726//1571
f  726//1572 733//1572 849//1572
f  849//1573 733//1573 732//1573
f  849//1574 732//1574 731//1574
f  23//1575 846//1575 4//1575
f  23//1576 4//1576 849//1576
f  23//1577 849//1577 768//1577
f  768//1578 849//1578 714//1578
f  730//1579 761//1579 731//1579
f  731//1580 761//1580 715//1580
f  731//1581 715//1581 849//1581
f  849//1582 715//1582 714//1582
f  850//1583 729//1583 734//1583
f  734//1584 735//1584 850//1584
f  850//1585 735//1585 740//1585
f  850//1586 740//1586 851//1586
f  730//1587 729//1587 761//1587
f  761//1588 729//1588 850//1588
f  761//1589 850//1589 762//1589
f  762//1590 850//1590 763//1590
f  740//1591 759//1591 851//1591
f  851//1592 759//1592 758//1592
f  851//1593 758//1593 850//1593
f  850//1594 758//1594 764//1594
f  850//1595 764//1595 763//1595
f  852//1596 739//1596 736//1596
f  742//1597 746//1597 741//1597
f  741//1598 746//1598 852//1598
f  741//1599 852//1599 738//1599
f  738//1600 852//1600 736//1600
f  738//1601 736//1601 737//1601
f  743//1602 749//1602 744//1602
f  744//1603 749//1603 852//1603
f  744//1604 852//1604 745//1604
f  745//1605 852//1605 746//1605
f  752//1606 852//1606 753//1606
f  753//1607 852//1607 749//1607
f  753//1608 749//1608 747//1608
f  747//1609 749//1609 748//1609
f  755//1610 754//1610 760//1610
f  740//1611 739//1611 759//1611
f  759//1612 739//1612 852//1612
f  759//1613 852//1613 760//1613
f  760//1614 852//1614 853//1614
f  760//1615 853//1615 755//1615
f  751//1616 750//1616 752//1616
f  752//1617 750//1617 757//1617
f  752//1618 757//1618 852//1618
f  852//1619 757//1619 756//1619
f  852//1620 756//1620 853//1620
f  853//1621 756//1621 755//1621
f  720//1622 725//1622 843//1622
f  843//1623 722//1623 721//1623
f  843//1624 721//1624 720//1624
f  8//1625 843//1625 724//1625
f  724//1626 843//1626 725//1626
f  854//1270 855//1270 856//1270
f  856//1270 855//1270 857//1270
f  856//1627 857//1627 858//1627
f  856//1628 858//1628 859//1628
f  856//1629 859//1629 860//1629
f  856//1270 860//1270 861//1270
f  856//1270 861//1270 862//1270
f  856//1630 862//1630 863//1630
f  856//1631 863//1631 864//1631
f  856//1632 864//1632 865//1632
f  856//1633 865//1633 866//1633
f  856//1634 866//1634 867//1634
f  856//1635 867//1635 868//1635
f  856//1636 868//1636 869//1636
f  856//1637 869//1637 870//1637
f  856//1638 870//1638 871//1638
f  856//1639 871//1639 872//1639
f  856//1270 872//1270 873//1270
f  856//1270 873//1270 874//1270
f  856//1270 874//1270 875//1270
f  856//1270 875//1270 876//1270
f  856//1640 876//1640 877//1640
f  856//1641 877//1641 878//1641
f  856//1642 878//1642 879//1642
f  856//1643 879//1643 880//1643
f  856//1644 880//1644 881//1644
f  856//1645 881//1645 882//1645
f  856//1646 882//1646 883//1646
f  856//1647 883//1647 884//1647
f  856//1648 884//1648 885//1648
f  856//1649 885//1649 886//1649
f  856//1650 886//1650 887//1650
f  856//1651 887//1651 888//1651
f  856//1270 888//1270 889//1270
f  856//1270 889//1270 890//1270
f  856//1652 890//1652 891//1652
f  856//1653 891//1653 892//1653
f  856//1654 892//1654 854//1654
f  893//1655 894//1655 861//1655
f  874//1656 895//1656 896//1656
f  896//1657 897//1657 874//1657
f  874//1658 897//1658 898//1658
f  874//1659 898//1659 875//1659
f  899//1660 900//1660 873//1660
f  873//1661 900//1661 874//1661
f  874//1662 900//1662 901//1662
f  874//1663 901//1663 895//1663
f  872//1664 902//1664 12//1664
f  872//1665 12//1665 903//1665
f  872//1666 903//1666 873//1666
f  873//1667 903//1667 904//1667
f  873//1668 904//1668 899//1668
f  905//1669 10//1669 871//1669
f  871//1670 10//1670 906//1670
f  871//1671 906//1671 872//1671
f  872//1672 906//1672 907//1672
f  872//1673 907//1673 902//1673
f  870//1674 908//1674 909//1674
f  909//1675 910//1675 870//1675
f  870//1676 910//1676 911//1676
f  870//1677 911//1677 871//1677
f  871//1678 911//1678 912//1678
f  871//1679 912//1679 905//1679
f  908//1680 870//1680 913//1680
f  913//1681 870//1681 869//1681
f  913//1682 869//1682 914//1682
f  915//1683 868//1683 916//1683
f  916//1684 868//1684 917//1684
f  915//1685 918//1685 868//1685
f  868//1686 918//1686 919//1686
f  868//1687 919//1687 869//1687
f  869//1688 919//1688 914//1688
f  917//1689 868//1689 920//1689
f  920//1690 868//1690 867//1690
f  920//1691 867//1691 921//1691
f  922//1692 923//1692 866//1692
f  866//1693 923//1693 924//1693
f  866//1694 924//1694 867//1694
f  867//1695 924//1695 925//1695
f  867//1696 925//1696 921//1696
f  926//1697 927//1697 866//1697
f  866//1698 927//1698 928//1698
f  866//1699 928//1699 922//1699
f  929//1700 930//1700 865//1700
f  865//1701 930//1701 931//1701
f  865//1702 931//1702 866//1702
f  866//1703 931//1703 932//1703
f  866//1704 932//1704 926//1704
f  933//1705 934//1705 863//1705
f  863//1706 934//1706 935//1706
f  863//1707 935//1707 864//1707
f  864//1708 935//1708 865//1708
f  865//1709 935//1709 936//1709
f  865//1710 936//1710 929//1710
f  937//1711 938//1711 862//1711
f  862//1712 938//1712 863//1712
f  863//1713 938//1713 939//1713
f  863//1714 939//1714 933//1714
f  861//1715 894//1715 862//1715
f  862//1716 894//1716 940//1716
f  862//1717 940//1717 941//1717
f  941//1718 942//1718 862//1718
f  862//1719 942//1719 943//1719
f  862//1720 943//1720 937//1720
f  859//1721 944//1721 860//1721
f  860//1722 944//1722 945//1722
f  860//1723 945//1723 946//1723
f  946//1724 19//1724 860//1724
f  860//1369 19//1369 861//1369
f  861//1725 19//1725 947//1725
f  861//1726 947//1726 893//1726
f  948//1727 6//1727 859//1727
f  859//1728 6//1728 944//1728
f  949//1729 950//1729 858//1729
f  858//1730 950//1730 951//1730
f  858//1731 951//1731 859//1731
f  859//1732 951//1732 952//1732
f  859//1733 952//1733 948//1733
f  953//1734 954//1734 857//1734
f  857//1735 954//1735 858//1735
f  858//1736 954//1736 955//1736
f  858//1737 955//1737 949//1737
f  953//1738 857//1738 956//1738
f  956//1739 857//1739 855//1739
f  956//1740 855//1740 957//1740
f  957//1741 855//1741 854//1741
f  957//1742 854//1742 958//1742
f  959//1743 960//1743 892//1743
f  960//1744 961//1744 892//1744
f  892//1745 961//1745 962//1745
f  892//1746 962//1746 854//1746
f  854//1747 962//1747 958//1747
f  14//1748 963//1748 891//1748
f  891//1749 963//1749 964//1749
f  891//1750 964//1750 892//1750
f  892//1751 964//1751 965//1751
f  892//1752 965//1752 959//1752
f  966//1753 967//1753 890//1753
f  890//1754 967//1754 968//1754
f  890//1755 968//1755 891//1755
f  891//1756 968//1756 969//1756
f  891//1757 969//1757 14//1757
f  970//1758 971//1758 889//1758
f  889//1759 971//1759 24//1759
f  889//1760 24//1760 890//1760
f  890//1761 24//1761 966//1761
f  972//1762 973//1762 888//1762
f  973//1763 974//1763 888//1763
f  888//1764 974//1764 975//1764
f  888//1765 975//1765 889//1765
f  889//1766 975//1766 976//1766
f  889//1767 976//1767 970//1767
f  977//1768 978//1768 888//1768
f  888//1769 978//1769 979//1769
f  888//1770 979//1770 972//1770
f  980//1771 981//1771 886//1771
f  886//1772 981//1772 982//1772
f  886//1773 982//1773 887//1773
f  887//1774 982//1774 983//1774
f  887//1775 983//1775 888//1775
f  888//1776 983//1776 984//1776
f  888//1777 984//1777 977//1777
f  885//1778 985//1778 986//1778
f  986//1779 987//1779 885//1779
f  885//1780 987//1780 988//1780
f  885//1781 988//1781 886//1781
f  886//1782 988//1782 989//1782
f  886//1783 989//1783 980//1783
f  985//1784 885//1784 990//1784
f  990//1785 885//1785 884//1785
f  990//1786 884//1786 991//1786
f  992//1787 993//1787 884//1787
f  884//1788 993//1788 991//1788
f  994//1789 995//1789 883//1789
f  883//1790 995//1790 884//1790
f  884//1791 995//1791 996//1791
f  884//1792 996//1792 992//1792
f  997//1793 998//1793 882//1793
f  882//1794 998//1794 999//1794
f  882//1795 999//1795 883//1795
f  883//1796 999//1796 1000//1796
f  883//1797 1000//1797 994//1797
f  1001//1798 1002//1798 881//1798
f  881//1799 1002//1799 882//1799
f  882//1800 1002//1800 997//1800
f  879//1801 1003//1801 880//1801
f  880//1802 1003//1802 1004//1802
f  880//1803 1004//1803 1005//1803
f  1005//1804 1006//1804 880//1804
f  880//1805 1006//1805 1007//1805
f  880//1806 1007//1806 881//1806
f  881//1807 1007//1807 1008//1807
f  881//1808 1008//1808 1001//1808
f  1009//1809 22//1809 879//1809
f  879//1810 22//1810 1010//1810
f  879//1811 1010//1811 1003//1811
f  2//1812 1011//1812 878//1812
f  878//1813 1011//1813 1012//1813
f  878//1814 1012//1814 879//1814
f  879//1815 1012//1815 1009//1815
f  1013//1816 1014//1816 876//1816
f  876//1817 1014//1817 1015//1817
f  876//1818 1015//1818 877//1818
f  877//1819 1015//1819 1016//1819
f  877//1820 1016//1820 1017//1820
f  877//1821 1017//1821 1018//1821
f  877//1822 1018//1822 878//1822
f  878//1823 1018//1823 1019//1823
f  878//1824 1019//1824 2//1824
f  898//1825 1020//1825 875//1825
f  875//1826 1020//1826 876//1826
f  876//1827 1020//1827 1021//1827
f  876//1828 1021//1828 1013//1828
f  901//1829 1022//1829 895//1829
f  895//1830 1022//1830 896//1830
f  896//1831 1022//1831 897//1831
f  897//1832 1022//1832 898//1832
f  898//1833 1022//1833 1020//1833
f  1020//1834 1022//1834 1021//1834
f  1021//1835 1022//1835 1013//1835
f  1013//1836 1022//1836 1014//1836
f  1014//1837 1022//1837 1015//1837
f  1018//1838 1017//1838 1022//1838
f  1015//1839 1022//1839 1016//1839
f  1016//1840 1022//1840 1017//1840
f  1018//1841 1022//1841 1019//1841
f  1019//1842 1022//1842 2//1842
f  2//1843 1023//1843 1011//1843
f  1011//1844 1023//1844 1012//1844
f  1023//1845 22//1845 1009//1845
f  1023//1846 1009//1846 1012//1846
f  969//1847 968//1847 1023//1847
f  1023//1848 968//1848 967//1848
f  24//1849 1023//1849 966//1849
f  966//1850 1023//1850 967//1850
f  24//1851 971//1851 1024//1851
f  1024//1852 971//1852 970//1852
f  1024//1853 970//1853 976//1853
f  1006//1854 1005//1854 1024//1854
f  1024//1855 1005//1855 1004//1855
f  1024//1856 1004//1856 1003//1856
f  1003//1857 1010//1857 1024//1857
f  1024//1858 1010//1858 22//1858
f  1024//1859 22//1859 24//1859
f  24//1860 22//1860 1025//1860
f  1026//1861 974//1861 973//1861
f  973//1862 972//1862 1026//1862
f  1026//1863 972//1863 979//1863
f  1026//1864 979//1864 978//1864
f  997//1865 1002//1865 1026//1865
f  1008//1866 1026//1866 1001//1866
f  1001//1867 1026//1867 1002//1867
f  976//1868 975//1868 1024//1868
f  1024//1869 975//1869 974//1869
f  1024//1870 974//1870 1006//1870
f  1006//1871 974//1871 1026//1871
f  1006//1872 1026//1872 1007//1872
f  1007//1873 1026//1873 1008//1873
f  984//1874 983//1874 1027//1874
f  982//1875 981//1875 983//1875
f  983//1876 981//1876 980//1876
f  983//1877 980//1877 1027//1877
f  980//1878 989//1878 1027//1878
f  1027//1879 989//1879 988//1879
f  1027//1880 988//1880 987//1880
f  991//1881 993//1881 990//1881
f  990//1882 993//1882 1027//1882
f  990//1883 1027//1883 985//1883
f  985//1884 1027//1884 987//1884
f  985//1885 987//1885 986//1885
f  995//1886 1027//1886 996//1886
f  996//1887 1027//1887 993//1887
f  996//1888 993//1888 992//1888
f  999//1889 1027//1889 1000//1889
f  1000//1890 1027//1890 995//1890
f  1000//1891 995//1891 994//1891
f  978//1537 977//1537 1026//1537
f  1026//1538 977//1538 984//1538
f  1026//1892 984//1892 997//1892
f  997//1893 984//1893 1027//1893
f  997//1894 1027//1894 999//1894
f  997//1895 999//1895 998//1895
f  969//1896 1023//1896 14//1896
f  959//1897 965//1897 1022//1897
f  959//1898 1022//1898 960//1898
f  14//1899 1//1899 963//1899
f  963//1900 1022//1900 964//1900
f  964//1901 1022//1901 965//1901
f  960//1902 1022//1902 961//1902
f  1022//1903 962//1903 961//1903
f  953//1904 956//1904 1022//1904
f  1022//1905 956//1905 957//1905
f  1022//1906 957//1906 958//1906
f  1022//1907 958//1907 962//1907
f  955//1908 954//1908 1022//1908
f  953//1909 1022//1909 954//1909
f  955//1910 1022//1910 949//1910
f  949//1911 1022//1911 950//1911
f  6//1912 948//1912 1//1912
f  1//1913 948//1913 952//1913
f  1022//1914 952//1914 951//1914
f  1022//1915 951//1915 950//1915
f  944//1916 1023//1916 945//1916
f  945//1917 1023//1917 946//1917
f  6//1918 1023//1918 944//1918
f  946//1919 1023//1919 19//1919
f  1023//1920 12//1920 902//1920
f  10//1921 1023//1921 906//1921
f  906//1922 1023//1922 907//1922
f  907//1923 1023//1923 902//1923
f  1028//1924 10//1924 905//1924
f  905//1925 912//1925 1028//1925
f  1028//1926 912//1926 911//1926
f  1028//1574 911//1574 910//1574
f  19//1927 1025//1927 10//1927
f  19//1928 10//1928 1028//1928
f  19//1929 1028//1929 947//1929
f  947//1930 1028//1930 893//1930
f  909//1931 940//1931 910//1931
f  910//1932 940//1932 894//1932
f  910//1933 894//1933 1028//1933
f  1028//1934 894//1934 893//1934
f  1029//1935 908//1935 913//1935
f  913//1936 914//1936 1029//1936
f  1029//1937 914//1937 919//1937
f  1029//1938 919//1938 1030//1938
f  909//1939 908//1939 940//1939
f  940//1940 908//1940 1029//1940
f  940//1941 1029//1941 941//1941
f  941//1942 1029//1942 942//1942
f  919//1943 938//1943 1030//1943
f  1030//1944 938//1944 937//1944
f  1030//1593 937//1593 1029//1593
f  1029//1945 937//1945 943//1945
f  1029//1946 943//1946 942//1946
f  1031//1947 918//1947 915//1947
f  921//1948 925//1948 920//1948
f  920//1949 925//1949 1031//1949
f  920//1950 1031//1950 917//1950
f  917//1951 1031//1951 915//1951
f  917//1952 915//1952 916//1952
f  922//1953 928//1953 923//1953
f  923//1954 928//1954 1031//1954
f  923//1955 1031//1955 924//1955
f  924//1956 1031//1956 925//1956
f  931//1957 1031//1957 932//1957
f  932//1958 1031//1958 928//1958
f  932//1959 928//1959 926//1959
f  926//1960 928//1960 927//1960
f  934//1961 933//1961 939//1961
f  919//1962 918//1962 938//1962
f  938//1963 918//1963 1031//1963
f  938//1964 1031//1964 939//1964
f  939//1965 1031//1965 1032//1965
f  939//1966 1032//1966 934//1966
f  930//1967 929//1967 931//1967
f  931//1968 929//1968 936//1968
f  931//1969 936//1969 1031//1969
f  1031//1970 936//1970 935//1970
f  1031//1971 935//1971 1032//1971
f  1032//1972 935//1972 934//1972
f  899//1973 904//1973 1022//1973
f  1022//1974 901//1974 900//1974
f  1022//1975 900//1975 899//1975
f  12//1976 1022//1976 903//1976
f  903//1977 1022//1977 904//1977

